NumBonPese,DateBR,CodeFournisseur,NomBateau,EcartQt,EcartMontant,TotRecu,TotFacture,TotPaye
BP056751,2019-03-12,FS500,BAT025,1712.3599999999988,38989.77776651499,18038.52,16326.16,53547.650913000005
BP053679,2019-01-20,FO001,BAT009,927.3800000000001,286.477975918,5843.74,4916.36,16922.808522
BP057252,2019-03-24,FM500,BAT025,-1156.114399999999,-15272.688585146852,17581.949999999997,18738.064399999996,62514.2660341
BP056732,2019-03-12,FS500,BAT025,-24.920000000000982,24972.716723058995,17778.64,17803.56,52914.594087000005
BP053038,2019-01-10,FA068,BAT019,367.5700000000008,0,9071.77,8704.2,29936.83961
BP056509,2019-03-07,FM075,BAT019,-557.1399999999994,-0,7951.26,8508.4,26239.156439
BP055163,2019-02-15,FO001,BAT024,167.32000000000016,42.74851987200004,7425.2699999999995,7257.95,21503.009489
BP053366,2019-01-15,FO001,BAT011,565.1499999999996,658.7411005999996,18320.65,17755.5,53054.524639
BP056085,2019-03-02,FS500,BAT025,-1177.4700000000005,3011.960249999997,16928.69,18106.16,50786.07
BP059636,2019-05-03,FO001,BAT007,204.69999999999993,118.73853888959997,10332.9,10128.2,29922.52954
BP054255,2019-01-27,FO001,BAT011,199.36000000000058,88.71520000000027,7862.26,7662.9,22768.21467
BP052639,2019-01-04,FO001,BAT024,295.48099999999977,184.08466299999986,9604.88,9309.399,27814.6433
BP057965,2019-04-04,FO001,BAT007,195.8,26.263754751999997,5562.5,5366.7,16108.166276
BP058747,2019-04-19,FS500,BAT025,283.9100000000017,1286.9648737200068,17784.870000000003,17500.96,52029.756349999996
BP055177,2019-02-15,FO001,BAT024,353.3299999999999,100.62654668399999,6049.33,5696,17518.393205099997
BP055705,2019-02-25,FB032,BAT019,413.8500000000006,0,6457.84,6043.99,21956.655911
BP059523,2019-05-01,FO025,BAT011,356.00100000000066,1080.318347387002,9291.6,8935.599,27410.22
BP057882,2019-04-02,FO001,BAT007,629.2300000000005,201.93136913200016,11327.92,10698.689999999999,32803.9581
BP056466,2019-03-06,FO001,BAT024,175.32999999999993,63.69493437999997,6262.04,6086.71,42581.871821
BP061625,2019-06-13,FS500,BAT019,-60.51999999999907,-0,9231.08,9291.599999999999,32308.78
BP061600,2019-06-13,FS500,BAT019,1.7799999999997453,0,7691.38,7689.6,26919.83
BP058575,2019-04-16,FO001,BAT024,168.20999999999913,104.79482999999945,9134.96,8966.75,26453.47521
BP057399,2019-03-27,FS500,BAT025,-243.86000000000058,44139.773445981,16064.499999999998,16308.36,42822.70531087
BP057294,2019-03-24,FS500,BAT025,-692.4199999999992,-2812.2534979899974,17413.74,18106.16,50264.886021700004
BP055657,2019-02-25,FO001,BAT029,169.0999999999999,40.63772306999998,6723.95,6554.85,19472.040568
BP057942,2019-04-03,FS500,BAT019,-40.94000000000051,0,16999,17039.940000000002,61196.39826
BP059586,2019-05-02,FS500,BAT019,-138.83999999999992,-0,3207.5600000000004,3346.4,11226.46
BP055469,2019-02-21,FO001,BAT024,407.6200000000001,43.80647301800001,6441.82,6034.2,18655.013613
BP054681,2019-02-06,FO001,BAT009,196.6899999999996,87.52704999999982,7472.44,7275.75,21639.60949
BP054465,2019-02-02,FO001,BAT029,98.79000000000087,127.06271010000111,20739.67,20640.879999999997,60060.48383
BP059397,2019-04-29,FO001,BAT024,155.75,52.4506932925,5776.1,5620.35,16726.720619
BP052590,2019-01-06,FS500,BAT025,-221.53819999999928,-9228.9148029449,17118.26,17339.798199999997,54151.871799600005
BP054724,2019-02-07,FO001,BAT029,222.5,99.0125,5874,5651.5,17010.6517
BP057522,2019-03-28,FM500,BAT025,-909.5310000000002,-6133.284633076001,17801.78,18711.310999999998,55165.137152
BP057013,2019-03-18,FM555,BAT041,-1219.2069999999999,38119.75511502701,16224.7,17443.907,49670.45500000001
BP061593,2019-06-12,FS500,BAT019,8.900000000000318,0,7182.3,7173.4,25138.05
BP056420,2019-03-06,FO001,BAT007,85.44100000000071,38.02124500000032,8482.59,8397.149,61375.46383
BP055721,2019-02-26,FO001,BAT007,122.81999999999971,47.82303749999989,7518.72,7395.900000000001,21773.633369
BP053162,2019-01-13,FA025,BAT019,-5.3399999999998045,0,14181.26,14186.6,55913.805
BP053930,2019-01-23,FO001,BAT011,169.98999999999978,75.6455499999999,6883.26,6713.27,19933.14053
BP058669,2019-04-18,FO001,BAT007,37.379999999999995,14.348365305300014,7052.36,7014.98,20422.577839
BP053109,2019-01-11,FO001,BAT042,160.19999999999982,71.28899999999992,5524.23,5364.03,15997.54314
BP056188,2019-03-03,FO001,BAT011,297.2600000000002,81.39891388200006,7862.26,7565,22767.917753
BP055090,2019-02-14,FO001,BAT001,296.3699999999999,98.90930868299995,7012.3099999999995,6715.9400000000005,20307.108484999997
BP057340,2019-03-26,FS500,BAT025,-964.7599999999993,5791.838456332004,17871.2,18835.96,53406.407957
BP060769,2019-05-26,FS500,BAT025,-125.48999999999978,81168.46725,17941.51,18067,48442.0777
BP057782,2019-04-01,FM500,BAT025,-421.49509999999736,-8988.789347288395,17257.100000000002,17678.5951,61238.495249600004
BP053598,2019-01-18,FE060,BAT019,-48.94999999999982,-0,2710.05,2759,8943.165
BP054907,2019-02-10,FO004,BAT001,26.700000000000728,178.22250000000486,18608.12,18581.42,52940.10293
BP054614,2019-02-06,FE060,BAT019,446.77999999999975,0,2458.18,2011.4,8111.993652
BP057543,2019-03-28,FB032,BAT019,286.5799999999999,0,9756.18,9469.6,33171.013127
BP053245,2019-01-14,FO001,BAT011,542.9009999999998,310.9934543963999,10279.5,9736.599,29768.266959
BP055766,2019-02-27,FE060,BAT019,35.599999999999454,0,9024.6,8989,28147.14
BP056213,2019-03-05,FS500,BAT025,-752.0499999999993,26790.059785300004,16529.08,17281.13,45196.1573
BP058193,2019-04-07,FS500,BAT019,3.5600000000002865,0,3474.56,3471,12160.96
BP057026,2019-03-18,FO001,BAT019,254.53999999999996,51.325394691999996,7850.69,7596.15,22734.41205
BP054632,2019-02-05,FO001,BAT029,343.53999999999996,123.47621177399999,7289.1,6945.56,21108.671036
BP055897,2019-03-01,FO001,BAT007,681.7400000000007,197.96141145800019,12865.84,12184.1,37257.529392
BP054753,2019-02-07,FO001,BAT007,274.1199999999999,74.94396940799997,8368.67,8094.549999999999,24235.022447
BP058966,2019-04-23,FO001,BAT024,220.72000000000003,51.241620772000005,4686.74,4466.02,13572.096719000001
BP054606,2019-02-05,FO001,BAT011,289.25,128.71625,7849.8,7560.55,22732.41477
BP052539,2019-01-05,FH500,BAT026,-822.4499999999989,-18342.457578029993,18091.92,18914.37,65130.910090000005
BP055735,2019-02-26,FO001,BAT011,251.8699999999999,102.84723570199995,7345.17,7093.3,21271.04606
BP056135,2019-03-04,FM555,BAT041,681.5214000000017,4674.745767245365,19471.42,18789.898599999997,65267.972016299995
BP055482,2019-02-21,FO001,BAT024,218.05000000000018,44.04583834000004,5650.61,5432.5599999999995,16363.730776
BP054599,2019-02-06,FE060,BAT019,311.5,0,14640.5,14329,50509.725
BP054617,2019-02-05,FO001,BAT007,135.28100000000086,60.20004500000038,8443.43,8308.149,24451.52277
BP060080,2019-05-14,FS500,BAT019,-19.579999999999927,-0,6157.02,6176.6,21549.57
BP054128,2019-01-26,FE060,BAT019,-51.620000000000346,-0,2903.18,2954.8,9580.493652
BP056523,2019-03-08,FM075,BAT019,35.600000000000364,0,13830.6,13795,45640.98
BP055154,2019-02-15,FO001,BAT024,558.9200000000001,503.58518734800003,20384.56,19825.64,59032.113818000005
BP052794,2019-01-07,FO001,BAT007,145.0709999999999,90.37923299999994,8895.55,8750.479,25760.50418
BP052697,2019-01-06,FM555,BAT041,-1028.36,-13565.136702222,18071.45,19099.81,63250.075
BP058976,2019-04-23,FS500,BAT019,304.37999999999965,0,9382.38,9078,32838.33
BP054244,2019-01-27,FO001,BAT011,265.22000000000025,118.02290000000012,7364.75,7099.53,21327.48197
BP056519,2019-03-08,FM075,BAT019,-432.53999999999905,0,16459.66,16892.199999999997,54316.875996999996
BP054501,2019-02-02,FA068,BAT019,-353.3299999999999,-0,9205.27,9558.6,30377.38961
BP057371,2019-03-26,FS500,BAT025,-825.9199999999998,1983.2311386600004,7824.88,8650.8,22802.600913000002
BP061360,2019-06-06,FS500,BAT019,-2729.0700000000033,0,15602.59,18331.66,66917.69264
BP053383,2019-01-16,FO001,BAT007,138.84000000000015,61.78380000000006,9361.02,9222.18,27108.45264
BP052500,2019-01-03,FS500,BAT041,-3358.410000000003,-20736.300324538122,17220.609999999997,20579.020000000004,59813.6070434
BP052529,2019-01-04,FS500,BAT045,-1628.7000000000012,-16658.387605160005,17755.5,19384.2,64807.579344
BP060293,2019-05-17,FS500,BAT019,24.029999999999973,0,6165.030000000001,6141,18309.525
BP054120,2019-01-26,FE060,BAT019,85.43999999999983,0,11210.44,11125,36994.452699999994
BP057327,2019-03-25,FM500,BAT025,-1926.8500000000024,-21597.838319042607,17831.149999999998,19758,63467.1880054
BP053593,2019-01-18,FE060,BAT019,-4.449999999999818,-0,3110.55,3115,10264.815
BP058492,2019-04-15,FS500,BAT012,-153.9699999999998,-0,3032.23,3186.2,10612.805
BP056226,2019-03-05,FO001,BAT029,219.83000000000084,120.76649027300046,9419.76,9199.93,27278.202758
BP053437,2019-01-16,FE060,BAT019,-327.52000000000044,-0,6614.48,6942,21827.78365
BP057985,2019-04-04,FO001,BAT029,139.73000000000047,40.66561623070017,7141.360000000001,7001.629999999999,20680.309326
BP059465,2019-04-30,FO001,BAT007,119.25999999999976,66.76185167609987,8099,7979.74,23453.491423
BP059130,2019-04-26,FS500,BAT025,177.99999999999864,56214.6927990608,17251.760000000002,17073.760000000002,47548.7840597
BP057277,2019-03-24,FM555,BAT041,-993.2399999999993,-17457.848102383992,17814.24,18807.48,62349.84
BP061689,2019-06-14,FS500,BAT019,350.65999999999985,0,9695.66,9345,33934.81
BP054750,2019-02-07,FO001,BAT011,259.8800000000001,115.64660000000005,7425.27,7165.39,21503.01014
BP054182,2019-01-27,FO001,BAT009,286.5799999999999,127.52809999999997,7188.53,6901.95,20817.16779
BP056206,2019-03-04,FE065,BAT019,148.63000000000056,0,8941.83,8793.2,25483.45865
BP054287,2019-01-28,FO001,BAT007,202.91999999999916,90.29942029199962,6436.48,6233.56,18639.31693
BP058741,2019-04-18,FO001,BAT024,156.6400000000001,31.583333702000026,2305.9900000000002,2149.35,6677.8015658
BP056642,2019-03-10,FM555,BAT041,-1525.2327000000007,-13436.804142472049,17430.65,18955.8827,59173.2519617
BP054473,2019-02-02,FO001,BAT007,473.4800000000005,210.69860000000023,6801.38,6327.9,19696.27189
BP055144,2019-02-15,FO001,BAT007,484.16000000000076,202.07579584000032,7168.06,6683.9,20758.148369
BP055830,2019-02-26,FM075,BAT019,-77.42999999999938,0,10032.970000000001,10110.4,29326.30135
BP055869,2019-02-28,FM075,BAT019,-476.1500000000012,-0,10844.65,11320.800000000001,35787.345439
BP052550,2019-01-03,FO001,BAT029,308.8299999999999,122.65050653099996,7001.629999999999,6692.799999999999,20275.926328
BP058957,2019-04-23,FS500,BAT019,137.94999999999982,0,7115.55,6977.6,22786.225
BP057024,2019-03-18,FO001,BAT024,106.80000000000018,35.02172784000006,7793.73,7686.93,22569.465678
BP055152,2019-02-15,FO001,BAT007,293.6999999999998,120.64294340999993,5785,5491.3,16752.913699
BP058917,2019-04-22,FS500,BAT019,150.4100000000003,0,9531.01,9380.6,28299.062738999997
BP052702,2019-01-06,FS500,BAT041,-2059.3524000000007,3647.4079546831786,17252.649999999998,19312.0024,54979.66113
BP057357,2019-03-26,FS500,BAT025,715.5599999999997,3685.8074805685974,18091.920000000002,17376.359999999997,52149.728527399995
BP053492,2019-01-17,FO001,BAT029,512.6400000000003,243.55664812800015,9567.5,9054.86,27706.3955314
BP052547,2019-01-05,FM500,BAT026,-1154.5039999999983,-21270.399413770396,16295.9,17450.404,58016.517349
BP056423,2019-03-06,FO001,BAT007,78.31999999999937,-63.58675934780031,8300.14,8221.82,60055.357424
BP056167,2019-03-03,FO001,BAT007,358.6700000000001,157.69270873200003,11168.61,10809.94,32342.608259
BP056011,2019-03-01,FM075,BAT019,26.698999999998705,0,9656.499,9629.800000000001,30595.53
BP054664,2019-02-06,FO001,BAT007,504.630000000001,673.6810500000014,23012.73,22508.1,66643.08875
BP055641,2019-02-24,FO001,BAT024,1835.1799999999985,1641.7283541779987,22103.15,20267.97,64009.0182049
BP055859,2019-02-28,FB032,BAT019,167.3199999999997,0,7638.87,7471.55,25972.15904
BP054276,2019-01-28,FO001,BAT029,309.71999999999935,360.51934523999927,18942.76,18633.039999999997,54856.084761
BP060245,2019-05-17,FS500,BAT019,-2431.1506999999997,0,17877.43,20308.580700000002,73321.1335681
BP057157,2019-03-21,FM500,BAT025,224.28000000000043,890.3159252580015,8091.88,7867.6,24448.833433
BP052506,2019-01-03,FM555,BAT041,-1744.3999999999994,-17328.476456027995,17152.08,18896.48,60032.28
BP056164,2019-03-03,FO001,BAT007,682.6300000000001,258.280637693,8558.24,7875.61,24783.37022
BP055904,2019-02-28,FO001,BAT024,178.88999999999942,68.43095270099978,4824.69,4645.8,13971.930522999999
BP054123,2019-01-26,FE060,BAT019,407.6199999999999,0,8097.22,7689.6,26720.82635
BP060932,2019-05-28,FS500,BAT025,3198.6599999999985,38714.31439944701,17030.15,13831.490000000002,45147.477285999994
BP052797,2019-01-07,FO001,BAT007,469.9200000000001,209.11444699200004,8846.6,8376.68,25618.75082
BP058041,2019-04-04,FO001,BAT007,17.799999999999727,5.432797736799917,5455.7,5437.900000000001,15798.889539
BP056220,2019-03-04,FE065,BAT019,36.49000000000069,0,9541.69,9505.2,24497.51596
BP055754,2019-02-26,FM075,BAT019,71.2000000000005,0,13243.2,13172,40979.160439
BP054135,2019-01-26,FE060,BAT019,139.72899999999936,0,9840.729,9701,32474.40691
BP057155,2019-03-21,FM500,BAT025,-91.30510000000112,-13948.84264837811,17911.25,18002.5551,55888.57200199999
BP055829,2019-03-01,FO001,BAT011,425.41999999999825,567.9356999999976,21228.28,20802.86,61473.89227
BP054274,2019-01-28,FE060,BAT019,-114.80999999999949,0,8037.59,8152.4,24254.54596
BP055643,2019-02-24,FO001,BAT007,198.47000000000025,74.93034395300009,8700.64,8502.17,25196.383243
BP053029,2019-01-10,FO001,BAT024,557.1399999999994,195.73737764199979,6625.16,6068.02,19185.711748
BP059594,2019-05-02,FS500,BAT019,38.26999999999998,0,4897.67,4859.4,17141.845
BP052798,2019-01-07,FO001,BAT007,296.3699999999999,131.88464999999997,8021.57,7725.2,23229.55799
BP058927,2019-04-22,FS500,BAT019,-17.799999999999272,-0,8971.2,8989,31399.2
BP058277,2019-04-09,FS500,BAT019,-42.720000000000255,-0,3303.68,3346.4,11562.88
BP053288,2019-01-15,FO001,BAT007,330.1899999999996,146.93454999999983,7933.46,7603.27,22974.4009
BP059334,2019-04-29,FO001,BAT024,327.5199999999995,145.7463999999998,6642.07,6314.55,19234.44012
BP059284,2019-04-28,FO001,BAT007,430.7599999999975,461.2513053039967,20491.36,20060.600000000002,59339.908667
BP055836,2019-02-27,FM075,BAT019,65.86000000000013,0,8574.26,8508.4,28295.057739
BP052800,2019-01-07,FO001,BAT024,467.25,191.255844675,6926.87,6459.62,20059.430249
BP058978,2019-04-24,FS500,BAT019,-452.1199999999999,0,6062.68,6514.8,21219.379999999997
BP055797,2019-02-27,FO001,BAT029,113.92000000000007,35.84050790400002,6797.82,6683.9,19685.962578
BP061139,2019-05-30,FM555,BAT041,784.6765999999999,3878.594237794999,17921.04,17136.3634,53310.2879837
BP058877,2019-04-22,FS500,BAT025,309.72000000000077,23022.478533903202,17444.000000000004,17134.28,51267.02626639999
BP054466,2019-02-02,FO001,BAT007,366.6800000000003,163.17260000000013,8746.03,8379.35,25327.82859
BP052524,2019-01-04,FS500,BAT045,-1809.37,-17745.163319992,17574.83,19384.2,63269.389477
BP054487,2019-02-02,FA068,BAT019,-445,0,8455,8900,25632
BP054110,2019-01-26,FA068,BAT019,-485.9390000000003,-0,9357.46,9843.399,30879.6173
BP053362,2019-01-15,FO001,BAT009,99.67999999999938,41.14808342399974,7749.23,7649.55,22440.891417
BP056210,2019-03-04,FO001,BAT029,169.98999999999978,65.72253674099991,8175.54,8005.55,23675.129882
BP061288,2019-06-03,FS500,BAT019,42.719999999997526,0,19426.92,19384.2,78158.38852
BP056555,2019-03-08,FS500,BAT025,-1015.8862999999994,17059.3459235629,16536.2,17552.0863,47533.164489400006
BP056115,2019-03-03,FM555,BAT041,585.6663999999982,-118.75793065776475,18277.93,17692.2636,60248.77250000001
BP059088,2019-04-24,FS500,BAT019,635.4589999999987,0,9873.659,9238.2,32879.892957000004
BP055217,2019-02-17,FM555,BAT041,142.0851999999985,48720.570077389,18246.78,18104.6948,55434.451347999995
BP055326,2019-02-19,FS500,BAT025,364.89999999999964,12763.164127389995,17509.86,17144.96,51514.71300407001
BP053701,2019-01-21,FO001,BAT011,1451.5900000000001,1869.62614615,18877.79,17426.2,54667.941242
BP052551,2019-01-03,FO001,BAT024,339.08999999999924,134.3600382389997,6456.95,6117.860000000001,18698.595363
BP055742,2019-02-27,FM075,BAT019,-107.68999999999983,-0,7083.51,7191.2,23375.582739
BP053028,2019-01-10,FO001,BAT024,416.52000000000044,476.32810680000057,19031.760000000002,18615.239999999998,55113.819286000005
BP052621,2019-01-06,FS500,BAT025,137.0599999999995,-4216.789978893802,13188.909999999998,13051.849999999999,38582.7464023
BP054074,2019-01-25,FO001,BAT011,619.4400000000005,385.9111200000003,10523.36,9903.92,30474.45871
BP059463,2019-04-30,FO001,BAT024,80.09999999999991,35.64449999999996,2937,2856.9,8505.112041
BP058923,2019-04-22,FS500,BAT019,100.56999999999971,0,10264.369999999999,10163.8,35925.295
BP055089,2019-02-14,FO001,BAT007,992.3500000000004,985.7792537100004,22641.6,21649.25,65568.32814299999
BP059192,2019-04-26,FO025,BAT011,395.15999999999985,1406.7695999999994,5923.84,5528.68,17462.47967
BP053295,2019-01-15,FM555,BAT041,84.57870000000185,86379.57312312222,17882.77,17798.191300000002,53604.0769891
BP057410,2019-03-27,FL044,BAT019,106.80000000000109,0,10840.2,10733.4,40108.74
BP057869,2019-04-02,FS500,BAT019,153.96999999999963,0,3001.97,2848,10506.895
BP054492,2019-02-02,FO001,BAT011,99.68000000000029,122.82878608000037,21365.34,21265.66,61872.377159
BP056783,2019-03-13,FO001,BAT007,169.9900000000016,75.81774987000071,11885.95,11715.96,34419.916491
BP052644,2019-01-06,FS500,BAT045,-1157.0000000000016,-11824.53656326501,16171.3,17328.3,57802.29461
BP058490,2019-04-15,FO001,BAT007,363.11999999999966,229.9063249259998,7591.7,7228.58,21984.426366099997
BP059061,2019-04-24,FO025,BAT011,26.700000000000614,78.85394437500211,11214,11187.3,33056.97819
BP058659,2019-04-18,FO001,BAT024,80.99000000000058,34.17217636420029,7333.6,7252.61,21237.0065
BP054204,2019-01-27,FO001,BAT007,308.8299999999999,137.42934999999997,9579.96,9271.13,27742.47855
BP052514,2019-01-03,FS500,BAT045,-1292.2799999999995,-16743.321307656,18091.920000000002,19384.2,64968.57461
BP055834,2019-03-01,FO001,BAT011,325.7399999999998,111.54337621799992,11499.689999999999,11173.95,33301.74883
BP052830,2019-01-07,FA068,BAT019,84.55000000000018,0,7364.75,7280.2,24303.675
BP055778,2019-02-26,FE060,BAT019,89,0,3150.6,3061.6,10396.98
BP057562,2019-03-28,FS500,BAT025,-1019.9400000000005,-7355.076191280001,17581.06,18601,50397.31904
BP052525,2019-01-04,FS500,BAT045,-1525.4600000000014,-22269.37611168001,17858.739999999998,19384.2,65184.40309
BP058189,2019-04-07,FO001,BAT007,4.449999999999932,1.3794051971999788,4373.46,4369.01,12664.885128999998
BP056459,2019-03-07,FO001,BAT024,-169.10000000000036,-62.740107670000135,10265.26,10434.36,29726.642290000003
BP061579,2019-06-12,FS500,BAT019,0,0,10128.2,10128.2,35448.7
BP059325,2019-04-28,FS500,BAT019,-1175.6899999999996,-0,4502.51,5678.2,15758.785
BP055986,2019-03-02,FS500,BAT025,-1428.4500000000007,11746.3429013905,7863.15,9291.6,20350.505550500002
BP056227,2019-03-04,FM075,BAT019,71.19999999999959,0,10395.199999999999,10324,31378.017519
BP058127,2019-04-07,FS500,BAT025,-43.61000000000058,12237.099108934,16941.15,16984.760000000002,50157.552261000004
BP055838,2019-02-28,FM075,BAT019,154.85999999999945,0,12454.66,12299.800000000001,38410.264743
BP052987,2019-01-09,FO001,BAT007,179.77999999999975,76.78855047799989,6979.38,6799.6,20211.4942734
BP057975,2019-04-04,FO001,BAT029,195.8000000000003,71.40064847080009,6630.5,6434.7,19200.933879
BP057893,2019-04-03,FS500,BAT025,-1107.159999999999,8805.285961836002,14126.970000000001,15234.130000000001,38471.5857111
BP055751,2019-02-26,FO001,BAT024,216.26999999999862,123.64311614399921,10518.019999999999,10301.75,30459.37434
BP053221,2019-01-14,FO001,BAT009,115.69999999999982,44.61614143999993,6669.66,6553.96,19314.5801
BP054100,2019-01-25,FO024,BAT019,93.45000000000073,0,9883.45,9790,32615.385
BP055955,2019-03-02,FM555,BAT041,-1781.4034999999992,51117.181927068305,16698.18,18479.5835,50913.517997300005
BP055946,2019-03-01,FO001,BAT029,254.5400000000002,29.75862775600002,7957.49,7702.950000000001,23043.68908255
BP058165,2019-04-07,FO001,BAT029,129.9400000000005,57.886463745000256,10293.74,10163.8,29809.128954
BP055835,2019-02-27,FM075,BAT019,135.28100000000086,0,11064.48,10929.199,32700.02365
BP053391,2019-01-16,FO001,BAT007,329.3000000000011,205.15390000000068,12095.1,11765.8,35026.04039
BP059328,2019-04-29,FS500,BAT019,18.69000000000051,0,11072.49,11053.8,38753.715
BP060297,2019-05-17,FS500,BAT019,10.679999999999893,0,2591.6800000000003,2581,8338.5879565
BP056781,2019-03-13,FO001,BAT007,84.55000000000018,21.342567570000046,9184.8,9100.25,26597.794280000002
BP055623,2019-02-26,FM500,BAT025,-1226.3815999999997,32221.3935145691,17068.42,18294.8016,52291.5936226
BP056064,2019-03-03,FB032,BAT019,-156.6399999999993,0,7518.72,7675.36,25563.64904
BP058732,2019-04-18,FS500,BAT019,-26.70000000000004,0,3800.2999999999997,3827,13301.05
BP058495,2019-04-15,FS500,BAT025,244.7500000000009,6416.877427820002,17621.11,17376.36,46737.0155417
BP056863,2019-03-14,FS500,BAT019,-384.4800000000003,-1324.611441180001,6628.719999999999,7013.2,23326.72096
BP055646,2019-02-24,FO001,BAT024,435.21000000000004,103.82421985200001,8236.06,7800.85,23850.9953349
BP052542,2019-01-05,FS500,BAT045,-1860.990000000001,-16287.727424145003,17523.21,19384.2,63083.55461000001
BP061694,2019-06-14,FO001,BAT011,124.60000000000036,55.447000000000166,7266.85,7142.25,21043.70756
BP055826,2019-02-27,FO001,BAT007,24.920000000000073,9.762051152000028,8179.1,8154.18,23686.042382
BP061703,2019-06-15,FO001,BAT011,13.349999999999909,2.9868262939999775,8099,8085.65,23453.48859
BP057708,2019-03-29,FL044,BAT019,-161.97999999999962,0,2757.2200000000003,2919.2,9098.82600134
BP055985,2019-03-02,FO001,BAT029,355.1100000000001,70.13671077000002,10041.87,9686.76,29079.739623
BP058964,2019-04-23,FO001,BAT007,252.76,46.08276475040001,6469.41,6216.650000000001,18734.441769
BP055285,2019-02-17,FA068,BAT019,60.519999999999754,0,6219.32,6158.8,23633.41483
BP054210,2019-01-27,FO001,BAT007,17.800999999999476,7.921444999999767,8602.74,8584.939,24912.56016
BP061191,2019-06-01,FS500,BAT019,-684.4099999999994,0,8369.56,9053.97,34382.36638962
BP060076,2019-05-14,FS500,BAT019,12.460000000000036,0,7826.66,7814.200000000001,27393.309999999998
BP056225,2019-03-04,FE065,BAT019,-291.9200000000003,-0,9676.08,9968,25803.414089
BP057936,2019-04-04,FS500,BAT025,-890.0000000000014,416.9993397599944,15199.42,16089.420000000002,44740.656348000004
BP057961,2019-04-03,FO001,BAT007,209.15000000000055,-86.17438127499977,7179.63,6970.48,20791.132902999998
BP053947,2019-01-23,FO001,BAT007,162.8700000000008,72.47715000000036,7934.35,7771.48,22976.97877
BP053484,2019-01-16,FO001,BAT009,146.85000000000036,46.60800193500011,7671.8,7524.95,22216.664114
BP056448,2019-03-07,FO001,BAT011,242.07999999999993,67.48188188799999,10939.880000000001,10697.8,31680.240530000003
BP053566,2019-01-18,FO001,BAT007,187.78999999999996,39.89797607399999,8008.219999999999,7820.43,23190.89775
BP058663,2019-04-18,FS500,BAT019,-17.800000000000182,-0,4539,4556.8,15886.5
BP056060,2019-03-02,FO001,BAT007,548.2400000000002,97.67521804000003,7189.42,6641.18,20819.474927
BP057412,2019-03-27,FL044,BAT019,97.89999999999964,0,10724.5,10626.6,39680.65174
BP053552,2019-01-18,FM555,BAT041,465.9504000000002,2228.6947042908005,6699.92,6233.969599999999,28854.734702600006
BP059422,2019-04-30,FO001,BAT007,1359.0299999999982,738.9124270689991,17792.879,16433.849000000002,51525.515607
BP055725,2019-02-26,FO001,BAT007,105.02000000000044,46.7339000000002,4875.42,4770.4,14118.84006
BP055439,2019-02-21,FO001,BAT029,292.8100000000013,306.75858997000137,23071.47,22778.66,66813.196515
BP054932,2019-02-11,FO001,BAT007,135.27999999999884,74.92612668799936,12061.279999999999,11926,34928.5360111
BP055887,2019-02-28,FO001,BAT029,123.71000000000004,15.650527358000005,7150.26,7026.55,20706.602026
BP057408,2019-03-25,FO001,BAT007,12.460000000000036,5.544701246000017,5923.84,5911.38,17154.54662
BP057025,2019-03-18,FO001,BAT024,32.039999999999964,17.82065761199998,7171.62,7139.58,20767.929021
BP056234,2019-03-05,FM555,BAT041,-1679.1399999999994,110331.60900000001,16529.08,18208.22,57851.78
BP052492,2019-01-03,FM555,BAT041,208.1810000000005,833.7649050000019,9495.41,9287.229,33233.935
BP055891,2019-03-01,FO001,BAT007,295.48,37.696658796,9369.03,9073.55,27131.295389000003
BP054622,2019-02-05,FO001,BAT007,254.54000000000087,113.27030000000039,8779.85,8525.31,25425.76857
BP056442,2019-03-07,FO001,BAT029,129.04999999999995,17.465846384999995,5548.26,5419.21,16066.923599000002
BP058756,2019-04-19,FS500,BAT025,707.5499999999998,46433.883452021204,17930.83,17223.28,52765.0740326
BP059023,2019-04-24,FS500,BAT019,-109.47000000000037,-0,6031.53,6141,21110.355
BP055678,2019-02-25,FB032,BAT019,477.0400000000002,0,5048.08,4571.04,17163.472261
BP054992,2019-02-12,FO001,BAT007,163.76000000000022,54.96478304800007,10380.96,10217.2,30062.46085
BP055284,2019-02-17,FA068,BAT019,-113.91999999999985,0,7718.08,7832,29328.70387
BP055734,2019-02-26,FO001,BAT011,176.22000000000025,71.9729883180001,7569.45,7393.23,21920.543659000003
BP055890,2019-02-28,FO001,BAT029,158.42000000000007,43.22473858000002,5254.56,5096.14,15216.801073999999
BP056310,2019-03-06,FO001,BAT007,207.3699999999999,54.97901272399997,25096.22,24888.850000000002,72674.861247
BP057903,2019-04-02,FO001,BAT029,149.51999999999975,20.74335023899991,5658.62,5509.1,16386.515728
BP054630,2019-02-05,FO024,BAT019,494.84000000000015,0,10373.84,9879,34233.6727
BP054605,2019-02-05,FO001,BAT011,183.34000000000015,241.27727340000018,20021.44,19838.1,57980.5449181
BP059338,2019-04-29,FO001,BAT024,154.85999999999967,68.91271548599985,6073.36,5918.5,17587.54031
BP056057,2019-03-02,FO001,BAT007,809.01,84.48423852299999,7247.27,6438.26,20986.999609
BP057871,2019-04-02,FO001,BAT007,378.25000000000034,29.08743034000028,8031.360000000001,7653.110000000001,23257.616071099997
BP057486,2019-03-28,FM555,BAT041,-1634.7430999999979,-2644.1999619123935,17891.670000000002,19526.413099999998,54633.8070974
BP055474,2019-02-21,FO001,BAT024,194.91000000000008,18.987724838100007,6342.14,6147.23,18366.348545
BP053706,2019-01-21,FO001,BAT029,78.31999999999971,44.14394019199984,22924.620000000003,22846.300000000003,66387.10076
BP054994,2019-02-12,FO001,BAT007,44.5,11.620707750000001,6893.05,6848.55,19961.741341
BP055864,2019-02-28,FM075,BAT019,-30.260000000000673,-0,10507.34,10537.6,34674.22096
BP055162,2019-02-15,FA068,BAT019,203.8099999999995,0,9976.01,9772.2,32920.8323
BP058077,2019-04-05,FO001,BAT007,110.3599999999995,44.465721258399796,8006.44,7896.080000000001,23185.450187
BP055931,2019-02-28,FM075,BAT019,164.65000000000038,0,4721.450000000001,4556.8,14768.303923899999
BP057720,2019-03-30,FO001,BAT007,27.590000000000146,34.013862470000184,19665.440000000002,19637.850000000002,56948.143185
BP054718,2019-02-07,FO001,BAT029,307.9399999999996,107.22304512399987,10391.64,10083.7,30093.388788
BP056401,2019-03-06,FM075,BAT019,-77.43000000000075,-0,11884.17,11961.6,39217.758736
BP057806,2019-04-01,FS500,BAT019,78.31999999999971,0,7155.6,7077.280000000001,24329.04087
BP053396,2019-01-16,FE060,BAT019,-217.15999999999985,-0,9839.84,10057,32471.4727
BP053684,2019-01-20,FO001,BAT007,260.7699999999995,97.74397579099983,8889.32,8628.55,25742.462560999997
BP053398,2019-01-16,FE060,BAT019,79.21000000000004,0,7288.21,7209,24051.0923
BP058509,2019-04-15,FO001,BAT024,213.60000000000036,95.05202136000017,3234.26,3020.66,9365.932383
BP057405,2019-03-26,FL044,BAT019,249.20000000000073,0,11463.2,11214,42413.84
BP056469,2019-03-07,FO001,BAT011,98.78999999999996,7.801627085699998,10110.4,10011.61,71215.42121209999
BP054641,2019-02-06,FO024,BAT019,311.5,0,10439.7,10128.2,34451.01
BP053354,2019-01-15,FO001,BAT009,266.1100000000006,102.98856165000022,8244.07,7977.959999999999,23873.893002
BP053291,2019-01-15,FO001,BAT007,477.9299999999994,199.23391441199973,7602.38,7124.450000000001,22015.63058
BP057342,2019-03-26,FO001,BAT024,83.6599999999994,31.92395325599977,4859.4,4775.74,14072.088768
BP054076,2019-01-25,FO001,BAT009,117.47999999999956,52.278599999999805,7411.03,7293.55,21461.50346
BP053678,2019-01-20,FO001,BAT009,586.5100000000002,175.98121113100007,6754.21,6167.7,19559.426574
BP057718,2019-03-30,FS500,BAT025,2523.1500000000005,10092.485365152002,17923.71,15400.56,51100.062002700004
BP056218,2019-03-04,FM075,BAT019,44.5,0,10368.5,10324,31038.75
BP059320,2019-04-28,FS500,BAT019,256.3199999999995,0,9939.52,9683.2,34788.32
BP058967,2019-04-23,FS500,BAT019,-200.25,-0,5157.55,5357.8,18051.425
BP055956,2019-03-01,FO001,BAT029,242.97000000000025,67.14339886800006,8146.17,7903.2,23590.078384
BP059346,2019-04-29,FO001,BAT024,422.75,188.12375,7769.7,7346.95,22499.88662
BP058639,2019-04-18,FS500,BAT025,-67.64000000000101,-527.325330928704,17824.92,17892.56,51215.1390054
BP055653,2019-02-25,FO001,BAT029,242.97000000000025,71.82640264800007,7556.1,7313.13,21881.882446
BP054252,2019-01-27,FO001,BAT011,354.21999999999935,157.6278999999997,7821.32,7467.1,22649.65693
BP052799,2019-01-07,FO001,BAT024,418.2999999999993,548.9233775999991,21381.359999999997,20963.059999999998,61917.998466000005
BP055650,2019-02-25,FO001,BAT011,421.8600000000006,467.7292596600006,23430.14,23008.28,67851.877366
BP055820,2019-02-27,FO001,BAT007,185.1200000000008,82.37841851200035,9812.25,9627.13,28415.5202
BP054187,2019-01-27,FO001,BAT009,313.28000000000065,139.4096000000003,7291.77,6978.49,21116.14
BP056046,2019-03-01,FO001,BAT024,166.43000000000006,14.412338710000004,4450,4283.57,12886.527828
BP056261,2019-03-05,FS500,BAT041,-1083.7752000000012,-3937.2744296720066,16467.67,17551.445200000002,51945.383978
BP055648,2019-02-24,FO001,BAT007,247.42000000000007,110.10190000000003,7902.31,7654.89,22884.48135
BP053510,2019-01-17,FB005,BAT019,-24.029999999999674,-0,4675.17,4699.2,16129.33754136
BP061687,2019-06-14,FS500,BAT019,-53.39899999999943,-0,9434,9487.399,33019
BP057404,2019-03-27,FS500,BAT019,1192.6,4147.37563892,18209.399999999998,17016.8,65553.84
BP058932,2019-04-22,FS500,BAT019,36.49000000000001,0,1638.49,1602,5734.715
BP059080,2019-04-24,FO001,BAT007,1712.36,286.2280097526,3968.5099999999998,2256.15,11492.210285
BP059566,2019-05-02,FO001,BAT007,121.04000000000002,64.12625313090001,9719.69,9598.650000000001,28146.7662736
BP057475,2019-03-27,FS500,BAT025,-1028.840000000001,-13030.977790310006,17824.92,18853.760000000002,51835.11404
BP053694,2019-01-20,FO001,BAT007,383.59000000000015,170.69755000000006,7340.72,6957.13,21257.89336
BP056065,2019-03-02,FO001,BAT007,165.53999999999996,30.382930181999992,6536.16,6370.62,18927.732342
BP055684,2019-02-25,FE060,BAT019,-115.70000000000022,-0,3764.7,3880.4,11924.22
BP054464,2019-02-02,FO001,BAT007,202.02999999999884,89.90334999999948,9649.38,9447.35,27943.86018
BP054094,2019-01-25,FO001,BAT007,426.3099999999977,569.1238499999969,24537.3,24110.99,71057.23844
BP053037,2019-01-10,FO001,BAT009,194.01999999999953,69.36147092999983,7092.41,6898.39,20538.815948
BP054526,2019-02-02,FO001,BAT009,89,118.815,22367.48,22278.48,64774.49898
BP053380,2019-01-16,FB005,BAT019,550.0200000000004,0,10073.02,9523,33240.96461
BP056507,2019-03-07,FO001,BAT007,145.0699999999997,64.55614999999987,7961.94,7816.87,23056.57641
BP057835,2019-04-01,FO001,BAT007,453.0099999999993,194.6180791099997,8029.58,7576.570000000001,23252.4610416
BP059421,2019-04-30,FS500,BAT019,172.66000000000167,564.352360640005,25199.46,25026.8,83969.36887
BP056426,2019-03-06,FO001,BAT029,137.0599999999995,60.991699999999774,6448.94,6311.88,18675.15682
BP055696,2019-02-25,FE060,BAT019,-61.410000000000196,0,8856.39,8917.800000000001,27970.297263
BP055823,2019-02-27,FO001,BAT007,292.8099999999995,78.99882035499986,9010.36,8717.550000000001,26093.307254
BP057836,2019-04-01,FO001,BAT007,180.67000000000007,37.12213843100001,6476.530000000001,6295.860000000001,18755.06039
BP053368,2019-01-15,FE060,BAT019,-40.94000000000051,-0,11315.46,11356.4,37341.0173
BP054254,2019-01-28,FE060,BAT019,-3.5600000000002865,-0,7223.24,7226.8,22297.970364999997
BP053688,2019-01-20,FO001,BAT007,162.8699999999999,60.65777182199996,8595.619999999999,8432.75,24891.940660999997
BP056478,2019-03-07,FE065,BAT019,405.84000000000015,0,8326.84,7921,27478.57183
BP054761,2019-02-07,FO001,BAT007,261.65999999999985,116.43869999999994,7731.43,7469.77,22389.6257
BP054600,2019-02-05,FE060,BAT019,89,0,21360,21271,73692
BP057406,2019-03-26,FL044,BAT019,71.20000000000073,0,11303,11231.8,41821.1
BP056207,2019-03-04,FO001,BAT029,272.34000000000015,64.95545935800003,8671.27,8398.93,25110.688583000003
BP056228,2019-03-05,FM075,BAT019,-17.800000000000637,-0,5464.599999999999,5482.400000000001,18033.179996
BP055660,2019-02-25,FO001,BAT029,99.68000000000029,41.468365232000124,6586,6486.32,19072.547797
BP061650,2019-06-13,FS500,BAT019,720.0099999999991,0,26708.01,25988,112173.63898300001
BP053412,2019-01-16,FO001,BAT029,386.2600000000002,151.1408728060001,5574.96,5188.7,16144.452462
BP059330,2019-04-28,FS500,BAT019,11.57000000000005,0,3215.57,3204,11254.494999999999
BP057576,2019-03-29,FS500,BAT025,-1239.77,4006.3422481600046,17136.95,18376.72,47713.1677
BP058038,2019-04-04,FO001,BAT007,174.44000000000005,51.16726399540002,8553.79,8379.35,24770.494776
BP054665,2019-02-07,FO001,BAT011,433.4300000000003,227.42076434300014,16915.34,16481.91,48985.521885
BP053219,2019-01-14,FO001,BAT029,288.3600000000006,348.6710707200007,18882.24,18593.88,54680.828198999996
BP054104,2019-01-26,FE060,BAT019,-88.11000000000058,-0,8544.89,8633,28198.13596
BP059309,2019-04-28,FS500,BAT019,477.03999999999996,0,4749.04,4272,16621.64
BP057991,2019-04-04,FO001,BAT029,172.6600000000007,66.6262971734003,5019.6,4846.94,14536.009527999999
BP054934,2019-02-11,FO001,BAT007,150.40999999999985,59.97067802699994,7187.64,7037.2300000000005,20814.851534
BP054078,2019-01-25,FO001,BAT009,485.0500000000002,215.8472500000001,7028.33,6543.28,20353.2466
BP058226,2019-04-09,FS500,BAT041,117.03500000000133,4745.0869249318,17363.9,17246.865,70129.7736977
BP053095,2019-01-11,FO001,BAT007,362.22999999999956,134.40732509599982,8034.03,7671.8,23265.64123
BP060837,2019-05-26,FS500,BAT019,-1441.7999999999993,0,18070.56,19512.36,73341.47385000001
BP052950,2019-01-09,FO001,BAT009,365.78999999999996,151.532055663,7279.31,6913.52,21080.056864
BP054993,2019-02-12,FO001,BAT024,125.48999999999978,49.47715563299992,7026.55,6901.06,20348.346824
BP053491,2019-01-16,FO001,BAT011,151.29999999999927,56.18407485999973,7393.23,7241.93,21409.9567659
BP054280,2019-01-28,FO001,BAT029,169.98999999999978,75.2544200089999,6885.04,6715.05,19938.295853400003
BP057318,2019-03-24,FO001,BAT007,420.0799999999999,546.8916499999999,16033.35,15613.27,46430.158928000004
BP054246,2019-01-27,FA068,BAT019,-10.68100000000129,0,9512.319,9523,31390.6559946
BP056434,2019-03-07,FO001,BAT029,149.52000000000044,66.5364000000002,6870.8,6721.28,19896.80002
BP055585,2019-02-24,FS500,BAT025,-71.19999999999936,15230.829791178003,18576.08,18647.28,54903.387969999996
BP056937,2019-03-16,FS500,BAT041,178.39210000000094,30464.869494833372,15828.650000000001,15650.2579,54217.552778000005
BP052796,2019-01-07,FO001,BAT024,344.4299999999994,153.27134999999973,7754.57,7410.14,22456.35658
BP057651,2019-03-29,FM555,BAT041,-951.4455999999991,43511.64498234691,17064.86,18016.3056,59638.722002719995
BP054020,2019-01-24,FO001,BAT029,2713.6100000000006,2180.4692141880005,16901.1,14187.49,48943.66918
BP056084,2019-03-02,FM075,BAT019,204.7000000000005,0,9051.3,8846.599999999999,25330.29
BP058673,2019-04-18,FO001,BAT007,107.68999999999994,40.601038960999986,6462.29,6354.6,18713.823039
BP058085,2019-04-05,FO001,BAT007,202.91999999999985,194.67686031699998,6225.55,6022.63,18028.2602496
BP053414,2019-01-16,FO001,BAT029,113.92000000000007,42.920157440000025,5716.469999999999,5602.549999999999,16554.249662399998
BP056453,2019-03-06,FO001,BAT011,103.23999999999978,45.9417999999999,6039.54,5936.3,17489.59512
BP052879,2019-01-08,FO001,BAT007,188.68000000000075,279.873370290001,25137.16,24948.48,72794.3691904
BP058962,2019-04-23,FS500,BAT019,-34.710000000000036,0,10040.09,10074.8,33476.015
BP059401,2019-04-29,FO001,BAT024,130.82999999999993,30.081106973999972,5638.15,5507.32,16327.2373
BP053299,2019-01-15,FO001,BAT024,525.0999999999985,575.9076257999983,20252.84,19727.74,58649.92987
BP058654,2019-04-18,FO001,BAT024,56.07000000000039,16.782341070000122,6184.61,6128.539999999999,17909.703692
