NumBonPese,DesignationArticle,DateBR,CodeFournisseur,NomBateau,QteRecue,QteFactur√©e,Qualite,Moule,PU,MontantAchat
BP052550,SARDINE,2019-01-03,FO001,BAT029,6248.69,5939.86,A,nan,0.3971457,18095.49738
BP052550,DECHET ENTIER,2019-01-03,FO001,BAT029,752.94,752.94,nan,nan,0.04785433,2180.428948
BP052551,SARDINE,2019-01-03,FO001,BAT024,5749.4,5410.31,A,nan,0.3962371,16649.61068
BP052551,DECHET ENTIER,2019-01-03,FO001,BAT024,707.55,707.55,nan,nan,0.04876292,2048.984683
BP052492,SARDINE,2019-01-03,FM555,BAT041,9495.41,9287.229,A,nan,4.005,33233.935
BP052506,SARDINE,2019-01-03,FM555,BAT041,16044.92,18896.48,A,nan,6.244132,56157.22
BP052506,SARDINE,2019-01-03,FM555,BAT041,1107.16,0.0,B,nan,0.4308687,3875.06
BP052500,SARDINE,2019-01-03,FM555,BAT041,16545.1,19781.58,A,nan,6.413161,57907.85
BP052500,MAQUEREAU,2019-01-03,FS500,BAT025,0.0,143.29,A,S,0.0,0.0
BP052500,MAQUEREAU,2019-01-03,FS500,BAT025,0.0,286.58,A,2S,0.0,0.0
BP052500,MAQUEREAU,2019-01-03,FS500,BAT025,338.2,367.57,A,3S,0.131092,811.6800543
BP052500,MAQUEREAU,2019-01-03,FS500,BAT025,123.71,0.0,A,M,0.04795209,581.4369891
BP052500,MAQUEREAU,2019-01-03,FS500,BAT025,213.6,0.0,B,3S,0.08279498,512.64
BP052514,SARDINE,2019-01-03,FS500,BAT045,16468.56,19384.2,A,nan,6.076063,59286.81461
BP052514,SARDINE,2019-01-03,FS500,BAT045,1623.36,0.0,B,nan,0.5989374,5681.76
BP052524,SARDINE,2019-01-04,FS500,BAT045,16474.79,19384.2,A,nan,6.2572,59309.24539
BP052524,SARDINE,2019-01-04,FS500,BAT045,1100.04,0.0,B,nan,0.4178002,3960.144087
BP052525,SARDINE,2019-01-04,FS500,BAT045,14485.64,19384.2,A,nan,5.414248,52872.58809
BP052525,SARDINE,2019-01-04,FS500,BAT045,3373.1,0.0,B,nan,1.260752,12311.815
BP052529,SARDINE,2019-01-04,FS500,BAT045,16649.23,19384.2,A,nan,6.259109,60769.69367
BP052529,SARDINE,2019-01-04,FS500,BAT045,1106.27,0.0,B,nan,0.415891,4037.885674
BP052639,SARDINE,2019-01-04,FO001,BAT024,9604.88,9309.399,A,nan,0.623,27814.6433
BP052542,SARDINE,2019-01-05,FS500,BAT045,16415.16,19384.2,A,nan,5.627626,59094.57461
BP052542,SARDINE,2019-01-05,FS500,BAT045,1108.05,0.0,B,nan,0.3798739,3988.98
BP052590,SARDINE,2019-01-05,FS500,BAT025,1522.79,1448.03,A,nan,0.5937884,4568.37
BP052590,MAQUEREAU,2019-01-06,FS500,BAT025,0.0,67.64,A,2S,0.0,0.0
BP052590,MAQUEREAU,2019-01-06,FS500,BAT025,0.0,612.32,A,3S,0.0,0.0
BP052590,SARDINE,2019-01-05,FM500,BAT025,11926.0,14371.31,A,nan,4.650359,36374.3
BP052590,MAQUEREAU,2019-01-06,FM500,BAT025,0.0,25.2137,A,L,0.0,0.0
BP052590,MAQUEREAU,2019-01-06,FM500,BAT025,590.07,159.6838,A,M,0.2300886,3510.91637
BP052590,MAQUEREAU,2019-01-06,FM500,BAT025,0.0,235.3427,A,S,0.0,0.0
BP052590,MAQUEREAU,2019-01-06,FM500,BAT025,0.0,268.9669,A,2S,0.0,0.0
BP052590,MAQUEREAU,2019-01-06,FM500,BAT025,124.6,151.2911,A,3S,0.04858584,355.11
BP052590,MAQUEREAU,2019-01-06,FS500,BAT025,248.31,0.0,A,M,0.09682464,1167.056935
BP052590,DECHET ENTIER,2019-01-06,FS500,BAT025,395.16,0.0,nan,nan,0.1540865,1145.964087
BP052590,SARDINE,2019-01-05,FM500,BAT025,2214.32,0.0,B,nan,0.8634397,6753.675913
BP052590,DECHET ENTIER,2019-01-06,FM500,BAT025,97.01,0.0,nan,nan,0.03782754,276.4784946
BP052539,SARDINE,2019-01-05,FH500,BAT026,14879.91,18914.37,A,nan,5.489932,53567.67461
BP052539,SARDINE,2019-01-05,FH500,BAT026,3212.01,0.0,B,nan,1.185069,11563.23548
BP052547,SARDINE,2019-01-05,FM500,BAT025,10429.02,16392.55,A,nan,4.271855,37023.01961
BP052547,SARDINE,2019-01-05,FH500,BAT026,2214.32,1057.854,A,nan,0.9070126,7971.551826
BP052547,SARDINE,2019-01-05,FM500,BAT025,2545.4,0.0,B,nan,1.042627,9036.17
BP052547,SARDINE,2019-01-05,FH500,BAT026,1107.16,0.0,B,nan,0.4535063,3985.775913
BP052644,MAQUEREAU,2019-01-06,FS500,BAT045,295.48,93.45,A,M,0.1219648,1625.14
BP052644,MAQUEREAU,2019-01-06,FS500,BAT045,0.0,106.8,A,S,0.0,0.0
BP052644,MAQUEREAU,2019-01-06,FS500,BAT045,0.0,253.65,A,2S,0.0,0.0
BP052644,MAQUEREAU,2019-01-06,FS500,BAT045,961.2,894.45,A,3S,0.3967529,2595.24
BP052644,SARDINE,2019-01-05,FS500,BAT045,13807.46,15979.95,A,nan,5.699282,49706.85461
BP052644,SARDINE,2019-01-05,FS500,BAT045,1107.16,0.0,B,nan,0.4570006,3875.06
BP052697,SARDINE,2019-01-06,FM555,BAT041,16824.56,19099.81,A,nan,6.21444,58885.96
BP052697,SARDINE,2019-01-06,FM555,BAT041,1246.89,0.0,B,nan,0.4605602,4364.115
BP052702,SARDINE,2019-01-06,FM555,BAT041,3496.81,7464.358,A,nan,1.352906,12238.835
BP052702,MAQUEREAU,2019-01-06,FM555,BAT041,325.74,22.6238,A,M,0.1260279,1921.86613
BP052702,MAQUEREAU,2019-01-06,FM555,BAT041,0.0,157.5389,A,S,0.0,0.0
BP052702,MAQUEREAU,2019-01-06,FM555,BAT041,0.0,509.0622,A,2S,0.0,0.0
BP052702,MAQUEREAU,2019-01-06,FM555,BAT041,658.6,441.0395,A,3S,0.2548104,1844.08
BP052702,SARDINE,2019-01-06,FS500,BAT025,11400.9,9645.82,A,nan,4.410975,34202.7
BP052702,SARDINE,2019-01-06,FM555,BAT041,1335.0,0.0,B,nan,0.5165076,4672.5
BP052702,MAQUEREAU,2019-01-06,FM555,BAT041,35.6,0.0,B,3S,13.77354,99.68
BP052794,SARDINE,2019-01-07,FO001,BAT007,8895.55,8750.479,A,nan,0.623,25760.50418
BP052796,SARDINE,2019-01-07,FO001,BAT024,7754.57,7410.14,A,nan,0.445,22456.35658
BP052797,SARDINE,2019-01-07,FO001,BAT007,8846.6,8376.68,A,nan,0.4450001,25618.75082
BP052798,SARDINE,2019-01-07,FO001,BAT007,8021.57,7725.2,A,nan,0.445,23229.55799
BP052799,SARDINE,2019-01-07,FO001,BAT024,21017.35,20599.05,A,nan,1.312272,60863.8668
BP052799,SARDINE,2019-01-07,FO001,BAT024,364.01,364.01,B,nan,0.0227279,1054.131666
BP052800,SARDINE,2019-01-07,FO001,BAT024,6371.51,5904.26,A,nan,0.4093223,18451.17059
BP052800,SARDINE,2019-01-07,FO001,BAT024,555.36,555.36,B,nan,0.03567776,1608.259659
BP052879,SARDINE,2019-01-08,FO001,BAT007,25024.13,24841.68,A,nan,1.328997,72467.04711
BP052879,SARDINE,2019-01-08,FO001,BAT007,113.03,106.8,B,nan,6.002868,327.3220804
BP052950,SARDINE,2019-01-09,FO001,BAT009,6776.46,6410.67,A,nan,0.4142597,19623.86031
BP052950,DECHET ENTIER,2019-01-09,FO001,BAT009,502.85,502.85,nan,nan,0.03074031,1456.196554
BP052987,SARDINE,2019-01-09,FO001,BAT007,6699.03,6519.25,A,nan,0.4271251,19399.63246
BP052987,DECHET ENTIER,2019-01-09,FO001,BAT007,280.35,280.35,nan,nan,17.8749,811.8618134
BP053028,SARDINE,2019-01-10,FO001,BAT024,16303.02,15886.5,A,nan,1.14359,47211.69789
BP053028,DECHET ENTIER,2019-01-10,FO001,BAT024,2728.74,2728.74,nan,nan,0.1914099,7902.121396
BP053029,SARDINE,2019-01-10,FO001,BAT024,5230.53,4673.39,A,nan,0.3513253,15147.02125
BP053029,DECHET ENTIER,2019-01-10,FO001,BAT024,1394.63,1394.63,nan,nan,0.09367478,4038.690498
BP053037,SARDINE,2019-01-10,FO001,BAT009,5697.78,5503.76,A,nan,0.3574965,16500.12545
BP053037,DECHET ENTIER,2019-01-10,FO001,BAT009,1394.63,1394.63,nan,nan,0.08750346,4038.690498
BP053095,SARDINE,2019-01-11,FO001,BAT007,6699.03,6336.8,A,nan,0.3710552,19399.63246
BP053095,DECHET ENTIER,2019-01-11,FO001,BAT007,1335.0,1335.0,nan,nan,0.07394483,3866.00877
BP053109,SARDINE,2019-01-11,FO001,BAT042,5524.23,5364.03,A,nan,0.445,15997.54314
BP053221,SARDINE,2019-01-14,FO001,BAT009,5779.66,5663.96,A,nan,0.3856192,16737.24092
BP053221,DECHET ENTIER,2019-01-14,FO001,BAT009,890.0,890.0,nan,nan,0.05938084,2577.33918
BP053219,SARDINE,2019-01-14,FO001,BAT029,17102.24,16813.88,A,nan,1.209152,49526.14984
BP053219,DECHET ENTIER,2019-01-14,FO001,BAT029,1780.0,1780.0,nan,nan,0.1258484,5154.678359
BP053245,SARDINE,2019-01-14,FO001,BAT011,9451.8,8908.899,A,nan,0.5728364,27371.3416
BP053245,SARDINE,2019-01-14,FO001,BAT011,827.7,827.7,B,nan,0.05016364,2396.925359
BP052621,SARDINE,2019-01-04,FS500,BAT025,5844.63,7797.29,A,nan,2.958009,17533.89
BP052621,MAQUEREAU,2019-01-04,FS500,BAT025,0.0,90.78,A,2S,0.0,0.0
BP052621,MAQUEREAU,2019-01-04,FS500,BAT025,71.2,824.14,A,3S,0.03603482,170.88
BP052621,SARDINE,2019-01-04,FS500,BAT025,2773.24,4339.64,B,nan,1.403556,7487.748174
BP052621,MAQUEREAU,2019-01-04,FS500,BAT025,62.3,0.0,A,M,0.03153047,292.81
BP052621,SARDINE,2019-01-05,FS500,BAT025,2403.89,0.0,A,nan,1.216626,6490.503174
BP052621,SARDINE,2019-01-05,FS500,BAT025,1107.16,0.0,B,nan,0.5603415,2989.332043
BP052621,MAQUEREAU,2019-01-06,FS500,BAT025,320.4,0.0,A,3S,0.1621567,768.9600543
BP052621,MAQUEREAU,2019-01-06,FS500,BAT025,606.09,0.0,A,M,0.3067464,2848.622957
BP053288,SARDINE,2019-01-15,FO001,BAT007,7933.46,7603.27,A,nan,0.445,22974.4009
BP053291,SARDINE,2019-01-15,FO001,BAT007,7121.78,6643.85,A,nan,0.4168684,20623.86744
BP053291,DECHET ENTIER,2019-01-15,FO001,BAT007,480.6,480.6,nan,nan,0.02813159,1391.76314
BP053299,SARDINE,2019-01-15,FO001,BAT024,16638.55,16113.45,A,nan,1.096758,48183.35539
BP053299,SARDINE,2019-01-15,FO001,BAT024,545.57,545.57,B,nan,0.03596216,1579.908835
BP053299,DECHET ENTIER,2019-01-15,FO001,BAT024,3068.72,3068.72,nan,nan,0.2022798,8886.665645
BP053295,SARDINE,2019-01-15,FM555,BAT041,979.0,16421.21,B,nan,0.3654258,2937.0
BP053295,MAQUEREAU,2019-01-15,FM555,BAT041,0.0,41.8033,A,M,0.0,0.0
BP053295,MAQUEREAU,2019-01-15,FM555,BAT041,0.0,303.401,A,S,0.0,0.0
BP053295,MAQUEREAU,2019-01-15,FM555,BAT041,153.97,605.378,A,2S,0.05747151,631.2769891
BP053295,MAQUEREAU,2019-01-15,FM555,BAT041,1068.0,426.399,A,3S,0.3986463,2990.4
BP053295,SARDINE,2019-01-15,FM555,BAT041,15681.8,0.0,A,nan,5.853456,47045.4
BP053354,SARDINE,2019-01-15,FO001,BAT009,7169.84,6903.73,A,nan,0.387015,20763.04467
BP053354,SARDINE,2019-01-15,FO001,BAT009,489.5,489.5,B,nan,0.02642233,1417.536527
BP053354,DECHET ENTIER,2019-01-15,FO001,BAT009,584.73,584.73,nan,nan,0.03156267,1693.311805
BP053362,SARDINE,2019-01-15,FO001,BAT009,7188.53,7088.85,A,nan,0.4128018,20817.16779
BP053362,DECHET ENTIER,2019-01-15,FO001,BAT009,560.7,560.7,nan,nan,0.03219823,1623.723627
BP053366,SARDINE,2019-01-15,FO001,BAT011,15995.97,15430.82,A,nan,1.165604,46322.51488
BP053366,SARDINE,2019-01-15,FO001,BAT011,903.35,903.35,B,nan,0.06582585,2615.999207
BP053366,DECHET ENTIER,2019-01-15,FO001,BAT011,1421.33,1421.33,nan,nan,0.1035703,4116.010552
BP053383,SARDINE,2019-01-16,FO001,BAT007,9361.02,9222.18,A,nan,0.445,27108.45264
BP053380,SARDINE,2019-01-16,FB005,BAT019,10073.02,9523.0,A,nan,0.0,33240.96461
BP053391,SARDINE,2019-01-16,FO001,BAT007,12095.1,11765.8,A,nan,0.623,35026.04039
BP053412,SARDINE,2019-01-16,FO001,BAT029,4902.12,4515.86,A,nan,0.3912931,14195.98411
BP053412,DECHET ENTIER,2019-01-16,FO001,BAT029,672.84,672.84,nan,nan,0.0537069,1948.468352
BP053414,SARDINE,2019-01-16,FO001,BAT029,4839.82,4725.9,A,nan,0.376757,14015.57051
BP053414,SARDINE,2019-01-16,FO001,BAT029,214.49,214.49,B,nan,16.69703,621.1387354
BP053414,DECHET ENTIER,2019-01-16,FO001,BAT029,662.16,662.16,nan,nan,0.05154601,1917.540417
BP053484,SARDINE,2019-01-16,FO001,BAT009,5471.72,5324.87,A,nan,0.3173851,15845.48178
BP053484,DECHET ENTIER,2019-01-16,FO001,BAT009,2200.08,2200.08,nan,nan,0.1276149,6371.182334
BP053492,SARDINE,2019-01-17,FO001,BAT029,7296.22,6783.58,A,nan,0.4751027,21129.02588
BP053492,SARDINE,2019-01-17,FO001,BAT029,129.05,129.05,B,nan,8.403255,373.7141724
BP053492,DECHET ENTIER,2019-01-17,FO001,BAT029,2142.23,2142.23,nan,nan,0.1394941,6203.655479
BP053510,LATCHA,2019-01-17,FB005,BAT019,4660.04,4681.4,A,nan,0.0,16077.13904
BP053510,MAQUEREAU,2019-01-17,FB005,BAT019,15.13,17.8,A,M,0.0,52.19850136
BP052830,SARDINE,2019-01-07,FA068,BAT019,7364.75,7280.2,A,nan,0.0,24303.675
BP053038,SARDINE,2019-01-10,FA068,BAT019,8996.12,8633.0,A,nan,0.0,29687.19461
BP053038,SARDINE,2019-01-10,FA068,BAT019,75.65,71.2,B,nan,0.0,249.645
BP053162,SARDINE,2019-01-13,FA025,BAT019,10507.34,10502.0,A,nan,0.0,42029.36
BP053162,MAQUEREAU,2019-01-13,FA025,BAT019,730.69,0.0,A,2S,0.0,2557.415
BP053162,SARDINE,2019-01-13,FA025,BAT019,973.66,979.0,B,nan,0.0,3894.64
BP053162,MAQUEREAU,2019-01-13,FA025,BAT019,1815.6,1815.6,B,3S,0.0,6354.6
BP053162,MAQUEREAU,2019-01-13,FA025,BAT019,153.97,890.0,A,M,0.0,1077.79
BP053368,SARDINE,2019-01-15,FE060,BAT019,11315.46,11356.4,A,nan,0.0,37341.0173
BP053398,SARDINE,2019-01-16,FE060,BAT019,7288.21,7209.0,A,nan,0.0,24051.0923
BP053437,SARDINE,2019-01-16,FE060,BAT019,6614.48,6942.0,A,nan,0.0,21827.78365
BP053396,SARDINE,2019-01-16,FE060,BAT019,9839.84,10057.0,A,nan,0.0,32471.4727
BP053566,SARDINE,2019-01-18,FO001,BAT007,3823.44,3635.65,A,nan,0.2124606,11072.24925
BP053566,DECHET ENTIER,2019-01-18,FO001,BAT007,4184.78,4184.78,nan,nan,0.2325395,12118.6485
BP053552,SARDINE,2019-01-18,FM555,BAT041,959.42,361.162,A,nan,0.5735109,2878.26
BP053552,MAQUEREAU,2019-01-18,FM555,BAT041,0.0,117.4266,A,L,0.0,0.0
BP053552,MAQUEREAU,2019-01-18,FM555,BAT041,2361.17,1115.17,A,M,1.411433,13930.90317
BP053552,MAQUEREAU,2019-01-18,FM555,BAT041,0.0,1879.591,A,S,0.0,0.0
BP053552,MAQUEREAU,2019-01-18,FM555,BAT041,1646.5,2055.651,A,2S,0.9842255,6750.65
BP053552,MAQUEREAU,2019-01-18,FM555,BAT041,587.4,704.969,B,3S,0.3511291,1644.72
BP053552,SARDINE,2019-01-18,FM555,BAT041,959.42,0.0,B,nan,0.5735109,2878.26
BP053552,MAQUEREAU,2019-01-18,FM555,BAT041,186.01,0.0,B,2S,0.1111909,771.9415326
BP053593,LATCHA,2019-01-18,FE060,BAT019,3110.55,3115.0,A,nan,0.0,10264.815
BP053598,LATCHA,2019-01-18,FE060,BAT019,2710.05,2759.0,A,nan,0.0,8943.165
BP053678,SARDINE,2019-01-20,FO001,BAT009,4554.13,3967.62,A,nan,0.3000481,13188.24424
BP053678,DECHET ENTIER,2019-01-20,FO001,BAT009,2200.08,2200.08,nan,nan,0.1449519,6371.182334
BP053679,SARDINE,2019-01-20,FO001,BAT009,4056.62,3129.24,A,nan,0.3089111,11747.51154
BP053679,DECHET ENTIER,2019-01-20,FO001,BAT009,1787.12,1787.12,nan,nan,0.136089,5175.296982
BP053684,SARDINE,2019-01-20,FO001,BAT007,7487.57,7226.8,A,nan,0.3748283,21683.15344
BP053684,DECHET ENTIER,2019-01-20,FO001,BAT007,1401.75,1401.75,nan,nan,0.07017171,4059.309121
BP053688,SARDINE,2019-01-20,FO001,BAT007,7193.87,7031.0,A,nan,0.3724306,20832.63154
BP053688,DECHET ENTIER,2019-01-20,FO001,BAT007,1401.75,1401.75,nan,nan,0.07256938,4059.309121
BP053694,SARDINE,2019-01-20,FO001,BAT007,7340.72,6957.13,A,nan,0.445,21257.89336
BP053706,SARDINE,2019-01-20,FO001,BAT029,9678.75,9600.43,A,nan,0.5636356,28028.56314
BP053706,SARDINE,2019-01-21,FO001,BAT029,13245.87,13245.87,A,nan,0.7713645,38358.53762
BP053701,SARDINE,2019-01-21,FO001,BAT011,18212.96,16761.37,A,nan,1.287985,52742.66895
BP053701,SARDINE,2019-01-21,FO001,BAT011,664.83,664.83,B,nan,0.04701546,1925.272292
BP053930,SARDINE,2019-01-23,FO001,BAT011,6883.26,6713.27,A,nan,0.445,19933.14053
BP053947,SARDINE,2019-01-23,FO001,BAT007,7934.35,7771.48,A,nan,0.445,22976.97877
BP054020,SARDINE,2019-01-24,FO001,BAT029,10172.7,7459.09,A,nan,0.8035308,29458.98609
BP054020,DECHET ENTIER,2019-01-24,FO001,BAT029,6728.4,6728.4,nan,nan,0.5314692,19484.68309
BP054074,SARDINE,2019-01-25,FO001,BAT011,10523.36,9903.92,A,nan,0.623,30474.45871
BP054076,SARDINE,2019-01-25,FO001,BAT009,7411.03,7293.55,A,nan,0.445,21461.50346
BP054078,SARDINE,2019-01-25,FO001,BAT009,7028.33,6543.28,A,nan,0.445,20353.2466
BP054094,SARDINE,2019-01-25,FO001,BAT007,24537.3,24110.99,A,nan,1.335,71057.23844
BP054104,SARDINE,2019-01-26,FE060,BAT019,8544.89,8633.0,A,nan,0.0,28198.13596
BP054110,SARDINE,2019-01-26,FA068,BAT019,9357.46,9843.399,A,nan,0.0,30879.6173
BP054128,SARDINE,2019-01-26,FE060,BAT019,2903.18,2954.8,A,nan,0.0,9580.493652
BP054135,SARDINE,2019-01-26,FE060,BAT019,9840.729,9701.0,A,nan,0.0,32474.40691
BP054182,SARDINE,2019-01-27,FO001,BAT009,7188.53,6901.95,A,nan,0.445,20817.16779
BP054100,SARDINE,2019-01-25,FO024,BAT019,9883.45,9790.0,A,nan,0.0,32615.385
BP053491,SARDINE,2019-01-16,FO001,BAT011,6169.48,6018.18,A,nan,0.3713422,17866.11553
BP053491,SARDINE,2019-01-16,FO001,BAT011,136.17,136.17,B,nan,8.196099,394.3328769
BP053491,DECHET ENTIER,2019-01-16,FO001,BAT011,1087.58,1087.58,nan,nan,0.06546167,3149.508359
BP054120,SARDINE,2019-01-26,FE060,BAT019,10565.19,10484.2,A,nan,0.0,34865.1277
BP054120,SARDINE,2019-01-26,FE060,BAT019,645.25,640.8,B,nan,0.0,2129.325
BP054123,SARDINE,2019-01-26,FE060,BAT019,8097.22,7689.6,A,nan,0.0,26720.82635
BP054187,SARDINE,2019-01-27,FO001,BAT009,7291.77,6978.49,A,nan,0.445,21116.14
BP054204,SARDINE,2019-01-27,FO001,BAT007,9579.96,9271.13,A,nan,0.445,27742.47855
BP054210,SARDINE,2019-01-27,FO001,BAT007,8602.74,8584.939,A,nan,0.445,24912.56016
BP054244,SARDINE,2019-01-27,FO001,BAT011,7364.75,7099.53,A,nan,0.445,21327.48197
BP054246,SARDINE,2019-01-27,FA068,BAT019,9398.399,9416.2,A,nan,0.0,31014.72
BP054246,SARDINE,2019-01-27,FA068,BAT019,113.92,106.8,B,nan,0.0,375.9359946
BP054252,SARDINE,2019-01-27,FO001,BAT011,7821.32,7467.1,A,nan,0.445,22649.65693
BP054255,SARDINE,2019-01-27,FO001,BAT011,7862.26,7662.9,A,nan,0.445,22768.21467
BP054280,SARDINE,2019-01-28,FO001,BAT029,6849.44,6679.45,A,nan,0.4426991,19835.20229
BP054280,MAQUEREAU,2019-01-28,FO001,BAT029,35.6,35.6,A,3S,2.300931,103.0935634
BP054274,SARDINE,2019-01-28,FE060,BAT019,6702.59,6817.4,A,nan,0.0,22118.54596
BP054274,DECHET ENTIER,2019-01-28,FE060,BAT019,1335.0,1335.0,nan,nan,0.0,2136.0
BP054276,SARDINE,2019-01-28,FO001,BAT029,16516.62,16206.9,A,nan,1.164017,47830.25832
BP054276,SARDINE,2019-01-28,FO001,BAT029,1016.38,1016.38,B,nan,0.07162987,2943.32126
BP054276,DECHET ENTIER,2019-01-28,FO001,BAT029,1409.76,1409.76,nan,nan,0.09935351,4082.505181
BP054287,SARDINE,2019-01-28,FO001,BAT007,6436.48,6233.56,A,nan,0.4450001,18639.31693
BP054254,SARDINE,2019-01-28,FE060,BAT019,6318.11,6319.0,A,nan,0.0,20849.7623
BP054254,DECHET ENTIER,2019-01-28,FE060,BAT019,905.13,907.8,nan,nan,0.0,1448.208065
BP054466,SARDINE,2019-02-02,FO001,BAT007,8746.03,8379.35,A,nan,0.445,25327.82859
BP054464,SARDINE,2019-02-02,FO001,BAT007,9649.38,9447.35,A,nan,0.445,27943.86018
BP054465,SARDINE,2019-02-02,FO001,BAT029,19981.39,19882.6,A,nan,1.28619,57864.56332
BP054465,DECHET ENTIER,2019-02-02,FO001,BAT029,758.28,758.28,nan,nan,0.04881003,2195.92051
BP054473,SARDINE,2019-02-02,FO001,BAT007,6801.38,6327.9,A,nan,0.445,19696.27189
BP054487,SARDINE,2019-02-02,FA068,BAT019,7120.0,7565.0,A,nan,0.0,23496.0
BP054487,DECHET ENTIER,2019-02-02,FA068,BAT019,1335.0,1335.0,nan,nan,0.0,2136.0
BP054492,SARDINE,2019-02-02,FO001,BAT011,19720.62,19620.94,A,nan,1.232231,57109.39484
BP054492,DECHET ENTIER,2019-02-02,FO001,BAT011,1644.72,1644.72,nan,nan,0.1027693,4762.982319
BP054526,SARDINE,2019-02-02,FO001,BAT009,22367.48,22278.48,B,nan,1.335,64774.49898
BP054501,SARDINE,2019-02-02,FA068,BAT019,9205.27,9558.6,A,nan,0.0,30377.38961
BP054605,SARDINE,2019-02-05,FO001,BAT011,19736.64,19553.3,A,nan,1.31601,57155.78609
BP054605,DECHET ENTIER,2019-02-05,FO001,BAT011,284.8,284.8,nan,nan,18.99004,824.7588281
BP054606,SARDINE,2019-02-05,FO001,BAT011,7849.8,7560.55,A,nan,0.445,22732.41477
BP054617,SARDINE,2019-02-05,FO001,BAT007,8443.43,8308.149,A,nan,0.445,24451.52277
BP054622,SARDINE,2019-02-05,FO001,BAT007,8779.85,8525.31,A,nan,0.445,25425.76857
BP054632,SARDINE,2019-02-05,FO001,BAT029,5887.35,5543.81,A,nan,0.3594231,17049.31107
BP054632,DECHET ENTIER,2019-02-05,FO001,BAT029,1401.75,1401.75,nan,nan,0.08557693,4059.359966
BP054630,SARDINE,2019-02-05,FO024,BAT019,10373.84,9879.0,A,nan,0.0,34233.6727
BP054614,LATCHA,2019-02-06,FE060,BAT019,2458.18,2011.4,A,nan,0.0,8111.993652
BP054641,SARDINE,2019-02-06,FO024,BAT019,10439.7,10128.2,A,nan,0.0,34451.01
BP054599,LATCHA,2019-02-06,FE060,BAT019,14640.5,14329.0,A,nan,0.0,50509.725
BP054664,SARDINE,2019-02-06,FO001,BAT007,23012.73,22508.1,A,nan,1.335,66643.08875
BP054681,SARDINE,2019-02-06,FO001,BAT009,7472.44,7275.75,A,nan,0.445,21639.60949
BP054665,SARDINE,2019-02-06,FO001,BAT011,9663.62,9663.62,A,nan,0.7626765,27985.09916
BP054665,SARDINE,2019-02-07,FO001,BAT011,6648.3,6214.87,A,nan,0.5247001,19252.96498
BP054600,LATCHA,2019-02-05,FE060,BAT019,21360.0,21271.0,A,nan,0.0,73692.0
BP054718,SARDINE,2019-02-07,FO001,BAT029,8131.04,7823.1,A,nan,0.3481946,23546.86559
BP054718,DECHET ENTIER,2019-02-07,FO001,BAT029,2260.6,2260.6,nan,nan,0.09680542,6546.523198
BP054724,SARDINE,2019-02-07,FO001,BAT029,5874.0,5651.5,A,nan,0.445,17010.6517
BP054750,SARDINE,2019-02-07,FO001,BAT011,7425.27,7165.39,A,nan,0.445,21503.01014
BP054753,SARDINE,2019-02-07,FO001,BAT007,5141.53,4867.41,A,nan,0.2733984,14889.47402
BP054753,SARDINE,2019-02-07,FO001,BAT007,966.54,966.54,B,nan,0.0513953,2799.025229
BP054753,DECHET ENTIER,2019-02-07,FO001,BAT007,2260.6,2260.6,nan,nan,0.1202063,6546.523198
BP054761,SARDINE,2019-02-07,FO001,BAT007,7731.43,7469.77,A,nan,0.445,22389.6257
BP054665,SARDINE,2019-02-07,FO001,BAT011,603.42,603.42,B,nan,0.04762338,1747.457745
BP054907,LATCHA,2019-02-10,FO004,BAT001,18608.12,18581.42,A,nan,6.675,52940.10293
BP054932,SARDINE,2019-02-11,FO001,BAT007,10722.72,10587.44,A,nan,0.5538596,31052.16953
BP054932,SARDINE,2019-02-11,FO001,BAT007,181.56,181.56,B,nan,9.378099,525.7837421
BP054932,DECHET ENTIER,2019-02-11,FO001,BAT007,1157.0,1157.0,nan,nan,0.0597624,3350.582739
BP054934,SARDINE,2019-02-11,FO001,BAT007,6440.04,6289.63,A,nan,0.3987147,18649.85961
BP054934,DECHET ENTIER,2019-02-11,FO001,BAT007,747.6,747.6,nan,nan,0.04628529,2164.991924
BP054992,SARDINE,2019-02-12,FO001,BAT007,5592.76,5429.0,A,nan,0.3356423,16196.20262
BP054992,DECHET ENTIER,2019-02-12,FO001,BAT007,4788.2,4788.2,nan,nan,0.2873577,13866.25823
BP054993,SARDINE,2019-02-12,FO001,BAT024,6225.55,6100.06,A,nan,0.3942717,18028.71262
BP054993,DECHET ENTIER,2019-02-12,FO001,BAT024,801.0,801.0,nan,nan,0.05072831,2319.634204
BP054994,SARDINE,2019-02-12,FO001,BAT007,4045.05,4000.55,A,nan,0.2611395,11714.15306
BP054994,DECHET ENTIER,2019-02-12,FO001,BAT007,2848.0,2848.0,nan,nan,0.1838606,8247.588281
BP055089,SARDINE,2019-02-14,FO001,BAT007,16847.7,15855.35,A,nan,0.9933786,48789.64008
BP055089,SARDINE,2019-02-14,FO001,BAT007,1192.6,1192.6,B,nan,0.07031839,3453.677593
BP055089,DECHET ENTIER,2019-02-14,FO001,BAT007,4601.3,4601.3,nan,nan,0.2713031,13325.01047
BP055090,SARDINE,2019-02-14,FO001,BAT001,5259.01,4962.64,A,nan,0.3337359,15229.68695
BP055090,SARDINE,2019-02-14,FO001,BAT001,498.4,498.4,B,nan,0.03162838,1443.327949
BP055090,DECHET ENTIER,2019-02-14,FO001,BAT001,1254.9,1254.9,nan,nan,0.07963574,3634.093586
BP055144,SARDINE,2019-02-15,FO001,BAT007,6723.06,6238.9,A,nan,0.417374,19469.4627
BP055144,DECHET ENTIER,2019-02-15,FO001,BAT007,445.0,445.0,nan,nan,0.02762603,1288.685669
BP055152,SARDINE,2019-02-15,FO001,BAT007,5340.0,5046.3,A,nan,0.4107693,15464.22803
BP055152,DECHET ENTIER,2019-02-15,FO001,BAT007,445.0,445.0,nan,nan,0.03423077,1288.685669
BP055154,SARDINE,2019-02-15,FO001,BAT024,13757.62,13198.7,A,nan,0.9009969,39841.00645
BP055154,DECHET ENTIER,2019-02-15,FO001,BAT024,1602.0,1602.0,nan,nan,0.1049162,4639.268408
BP055154,SARDINE,2019-02-15,FO001,BAT024,5024.94,5024.94,B,nan,0.3290871,14551.83896
BP055162,SARDINE,2019-02-15,FA068,BAT019,9976.01,9772.2,A,nan,0.0,32920.8323
BP055163,SARDINE,2019-02-15,FO001,BAT024,4263.1,4095.78,A,nan,0.2554896,12345.60893
BP055163,SARDINE,2019-02-15,FO001,BAT024,2512.47,2512.47,B,nan,0.1505735,7275.919482
BP055163,DECHET ENTIER,2019-02-15,FO001,BAT024,649.7,649.7,nan,nan,0.03893684,1881.481077
BP055177,SARDINE,2019-02-15,FO001,BAT024,3871.5,3518.17,A,nan,0.2847948,11211.56554
BP055177,SARDINE,2019-02-15,FO001,BAT024,1780.0,1780.0,B,nan,0.1309401,5154.742676
BP055177,MAQUEREAU,2019-02-15,FO001,BAT024,15.13,15.13,A,M,1.112991,43.8153141
BP055177,DECHET ENTIER,2019-02-15,FO001,BAT024,382.7,382.7,nan,nan,0.02815212,1108.269675
BP055217,SARDINE,2019-02-17,FM555,BAT041,0.0,10012.53,A,nan,0.0,0.0
BP055217,MAQUEREAU,2019-02-17,FM555,BAT041,0.0,253.3652,A,S,0.0,0.0
BP055217,MAQUEREAU,2019-02-17,FM555,BAT041,0.0,506.7304,A,2S,0.0,0.0
BP055217,MAQUEREAU,2019-02-17,FM555,BAT041,0.0,0.0,A,3S,0.0,0.0
BP055217,MAQUEREAU,2019-02-17,FM555,BAT041,0.0,0.0,A,4S,0.0,0.0
BP055217,MAQUEREAU,2019-02-17,FM555,BAT041,0.0,6748.158,A,3S,0.0,0.0
BP055217,MAQUEREAU,2019-02-17,FM555,BAT041,0.0,583.9112,A,4S,0.0,0.0
BP055217,SARDINE,2019-02-17,FM555,BAT041,10359.6,0.0,B,nan,3.789728,30042.84
BP055217,MAQUEREAU,2019-02-17,FM555,BAT041,637.24,0.0,B,M,0.2331138,3695.992261
BP055217,MAQUEREAU,2019-02-17,FM555,BAT041,1631.37,0.0,B,2S,0.5967845,6525.48
BP055217,MAQUEREAU,2019-02-17,FM555,BAT041,4681.4,0.0,B,3S,1.71254,12639.78
BP055217,DECHET ENTIER,2019-02-17,FM555,BAT041,937.17,0.0,nan,nan,0.3428336,2530.359087
BP055326,SARDINE,2019-02-19,FS500,BAT025,3306.35,5828.61,B,nan,1.260426,8927.145
BP055326,SARDINE,2019-02-19,FS500,BAT025,14165.24,11316.35,A,nan,5.399985,42495.72
BP055326,MAQUEREAU,2019-02-19,FS500,BAT025,38.27,0.0,B,3S,14.58905,91.84800407
BP055284,SARDINE,2019-02-17,FA068,BAT019,7093.3,7209.0,A,nan,0.0,26954.54
BP055284,DECHET ENTIER,2019-02-17,FA068,BAT019,624.78,623.0,nan,nan,0.0,2374.16387
BP055285,SARDINE,2019-02-17,FA068,BAT019,5594.54,5535.8,A,nan,0.0,21259.25096
BP055285,DECHET ENTIER,2019-02-17,FA068,BAT019,624.78,623.0,nan,nan,0.0,2374.16387
BP055469,SARDINE,2019-02-21,FO001,BAT024,1555.72,1148.1,A,nan,0.1074689,4505.245186
BP055469,SARDINE,2019-02-21,FO001,BAT024,1281.6,1281.6,B,nan,0.08853275,3711.414727
BP055469,DECHET ENTIER,2019-02-21,FO001,BAT024,3604.5,3604.5,nan,nan,0.2489983,10438.3537
BP055439,SARDINE,2019-02-21,FO001,BAT029,18105.27,17812.46,A,nan,1.047637,52431.46445
BP055439,SARDINE,2019-02-21,FO001,BAT029,2776.8,2776.8,B,nan,0.1606759,8041.398574
BP055439,DECHET ENTIER,2019-02-21,FO001,BAT029,2189.4,2189.4,nan,nan,0.1266867,6340.333491
BP055474,SARDINE,2019-02-21,FO001,BAT024,1388.4,1193.49,A,nan,0.09741791,4020.699287
BP055474,SARDINE,2019-02-21,FO001,BAT024,3213.79,3213.79,B,nan,0.2254975,9306.888184
BP055474,DECHET ENTIER,2019-02-21,FO001,BAT024,1739.95,1739.95,nan,nan,0.1220846,5038.761074
BP055482,SARDINE,2019-02-21,FO001,BAT024,2564.98,2346.93,A,nan,0.2019988,7427.984326
BP055482,SARDINE,2019-02-21,FO001,BAT024,1345.68,1345.68,B,nan,0.1059758,3896.985376
BP055482,DECHET ENTIER,2019-02-21,FO001,BAT024,1739.95,1739.95,nan,nan,0.1370255,5038.761074
BP055585,SARDINE,2019-02-24,FS500,BAT025,1986.48,4688.52,B,nan,0.713808,5363.495913
BP055585,MAQUEREAU,2019-02-24,FS500,BAT025,373.8,546.46,A,3S,0.1343187,897.1200543
BP055585,MAQUEREAU,2019-02-24,FS500,BAT025,0.0,67.64,A,4S,0.0,0.0
BP055585,MAQUEREAU,2019-02-24,FS500,BAT025,46.28,0.0,A,2S,16.62993,134.2120027
BP055585,SARDINE,2019-02-24,FS500,BAT025,16169.52,13344.66,A,nan,5.810244,48508.56
BP055641,SARDINE,2019-02-24,FO001,BAT024,14811.38,12976.2,A,nan,0.8945871,42892.6148
BP055641,SARDINE,2019-02-24,FO001,BAT024,314.17,314.17,B,nan,18.97544,909.8121149
BP055641,DECHET ENTIER,2019-02-24,FO001,BAT024,6977.6,6977.6,nan,nan,0.4214375,20206.59129
BP055643,SARDINE,2019-02-24,FO001,BAT007,7381.66,7183.19,A,nan,0.3775399,21376.71879
BP055643,SARDINE,2019-02-24,FO001,BAT007,1318.98,1318.98,B,nan,0.0674601,3819.664453
BP055646,SARDINE,2019-02-24,FO001,BAT024,4415.29,3980.08,A,nan,0.2385612,12786.33971
BP055646,SARDINE,2019-02-24,FO001,BAT024,314.17,314.17,B,nan,16.97482,909.8121149
BP055646,DECHET ENTIER,2019-02-24,FO001,BAT024,3506.6,3506.6,nan,nan,0.189464,10154.84351
BP055648,SARDINE,2019-02-24,FO001,BAT007,7902.31,7654.89,A,nan,0.445,22884.48135
BP055653,SARDINE,2019-02-25,FO001,BAT029,5019.6,4776.63,A,nan,0.2956184,14536.37435
BP055653,SARDINE,2019-02-25,FO001,BAT029,2536.5,2536.5,B,nan,0.1493816,7345.508096
BP055657,SARDINE,2019-02-25,FO001,BAT029,3631.2,3462.1,A,nan,0.2403177,10515.67506
BP055657,SARDINE,2019-02-25,FO001,BAT029,3092.75,3092.75,B,nan,0.2046823,8956.365508
BP055660,SARDINE,2019-02-25,FO001,BAT029,6157.02,6057.34,A,nan,0.4160149,17830.25479
BP055660,DECHET ENTIER,2019-02-25,FO001,BAT029,428.98,428.98,nan,nan,0.02898514,1242.293007
BP055650,SARDINE,2019-02-25,FO001,BAT011,19458.96,19037.1,A,nan,1.108731,56351.64676
BP055650,SARDINE,2019-02-25,FO001,BAT011,1281.6,1281.6,B,nan,0.07302287,3711.414727
BP055650,DECHET ENTIER,2019-02-25,FO001,BAT011,2689.58,2689.58,nan,nan,0.1532466,7788.815879
BP055705,SARDINE,2019-02-25,FB032,BAT019,5103.26,4691.19,A,nan,0.0,17351.08365
BP055705,DECHET ENTIER,2019-02-25,FB032,BAT019,1354.58,1352.8,nan,nan,0.0,4605.572261
BP055684,SARDINE,2019-02-25,FE060,BAT019,3471.0,3577.8,A,nan,0.0,11454.3
BP055684,DECHET ENTIER,2019-02-25,FE060,BAT019,293.7,302.6,nan,nan,0.0,469.92
BP055721,SARDINE,2019-02-26,FO001,BAT007,6578.88,6456.06,A,nan,0.389375,19051.92928
BP055721,DECHET ENTIER,2019-02-26,FO001,BAT007,939.84,939.84,nan,nan,0.055625,2721.704089
BP055725,SARDINE,2019-02-26,FO001,BAT007,4875.42,4770.4,A,nan,0.445,14118.84006
BP055623,SARDINE,2019-02-26,FM500,BAT025,4313.83,16792.98,B,nan,1.687023,13157.18115
BP055623,MAQUEREAU,2019-02-26,FM500,BAT025,0.0,105.109,A,S,0.0,0.0
BP055623,MAQUEREAU,2019-02-26,FM500,BAT025,0.0,195.266,A,2S,0.0,0.0
BP055623,MAQUEREAU,2019-02-26,FM500,BAT025,801.0,1126.206,A,3S,0.3132496,2282.85
BP055623,MAQUEREAU,2019-02-26,FM500,BAT025,0.0,75.2406,A,4S,0.0,0.0
BP055623,SARDINE,2019-02-26,FM500,BAT025,11587.8,0.0,A,nan,4.531677,35342.79
BP055623,MAQUEREAU,2019-02-26,FM500,BAT025,46.28,0.0,B,M,18.09886,275.3659946
BP055623,MAQUEREAU,2019-02-26,FM500,BAT025,248.31,0.0,B,2S,0.09710737,1030.486478
BP055623,MAQUEREAU,2019-02-26,FM500,BAT025,71.2,0.0,B,3S,0.02784441,202.92
BP055735,SARDINE,2019-02-26,FO001,BAT011,6739.97,6488.1,A,nan,0.4083346,19518.43355
BP055735,DECHET ENTIER,2019-02-26,FO001,BAT011,605.2,605.2,nan,nan,0.03666546,1752.61251
BP055734,SARDINE,2019-02-26,FO001,BAT011,6947.34,6771.12,A,nan,0.4084269,20118.96105
BP055734,DECHET ENTIER,2019-02-26,FO001,BAT011,622.11,622.11,nan,nan,0.03657319,1801.582609
BP055751,SARDINE,2019-02-26,FO001,BAT024,9652.05,9435.78,A,nan,0.5717072,27951.59205
BP055751,SARDINE,2019-02-26,FO001,BAT024,865.97,865.97,B,nan,0.05129286,2507.78229
BP055778,SARDINE,2019-02-26,FE060,BAT019,3150.6,3061.6,A,nan,0.0,10396.98
BP055766,SARDINE,2019-02-27,FE060,BAT019,6995.4,6959.8,A,nan,0.0,23084.82
BP055766,SARDINE,2019-02-27,FE060,BAT019,1068.0,1068.0,B,nan,0.0,3524.4
BP055766,DECHET ENTIER,2019-02-27,FE060,BAT019,961.2,961.2,nan,nan,0.0,1537.92
BP055797,SARDINE,2019-02-27,FO001,BAT029,4806.0,4692.08,A,nan,0.3146112,13917.80522
BP055797,SARDINE,2019-02-27,FO001,BAT029,1991.82,1991.82,B,nan,0.1303888,5768.157358
BP055820,SARDINE,2019-02-27,FO001,BAT007,9812.25,9627.13,A,nan,0.4450001,28415.5202
BP055823,SARDINE,2019-02-27,FO001,BAT007,5462.82,5170.01,A,nan,0.2697955,15819.90471
BP055823,SARDINE,2019-02-27,FO001,BAT007,2847.11,2847.11,B,nan,0.1406119,8245.011279
BP055823,DECHET ENTIER,2019-02-27,FO001,BAT007,700.43,700.43,nan,nan,0.03459255,2028.391265
BP055826,SARDINE,2019-02-27,FO001,BAT007,7200.1,7175.18,A,nan,0.3917356,20850.93391
BP055826,DECHET ENTIER,2019-02-27,FO001,BAT007,979.0,979.0,nan,nan,0.05326442,2835.108472
BP055835,SARDINE,2019-02-27,FM075,BAT019,8821.68,8686.399,A,nan,0.0,29111.54365
BP055835,DECHET ENTIER,2019-02-27,FM075,BAT019,2242.8,2242.8,nan,nan,0.0,3588.48
BP055836,SARDINE,2019-02-27,FM075,BAT019,7342.5,7280.2,A,nan,0.0,24230.25
BP055836,SARDINE,2019-02-27,FM075,BAT019,1231.76,1228.2,B,nan,0.0,4064.807739
BP055864,SARDINE,2019-02-28,FM075,BAT019,8433.64,8455.0,A,nan,0.0,27831.01096
BP055864,SARDINE,2019-02-28,FM075,BAT019,2073.7,2082.6,B,nan,0.0,6843.21
BP055887,SARDINE,2019-02-28,FO001,BAT029,2032.76,1909.05,A,nan,0.1265098,5886.716396
BP055887,SARDINE,2019-02-28,FO001,BAT029,4017.46,4017.46,B,nan,0.2500286,11634.2547
BP055887,DECHET ENTIER,2019-02-28,FO001,BAT029,1100.04,1100.04,nan,nan,0.06846154,3185.63093
BP055834,SARDINE,2019-02-28,FO001,BAT011,5178.91,5178.91,A,nan,0.2805694,14997.72375
BP055834,SARDINE,2019-03-01,FO001,BAT011,6320.78,5995.04,A,nan,0.3424307,18304.02508
BP055869,SARDINE,2019-02-28,FM075,BAT019,9612.89,10039.2,A,nan,0.0,31722.5377
BP055869,SARDINE,2019-02-28,FM075,BAT019,1231.76,1281.6,B,nan,0.0,4064.807739
BP055890,SARDINE,2019-02-28,FO001,BAT029,3221.8,3063.38,A,nan,0.272849,9330.084678
BP055890,SARDINE,2019-02-28,FO001,BAT029,2032.76,2032.76,B,nan,0.1721511,5886.716396
BP055931,SARDINE,2019-02-28,FM075,BAT019,821.47,801.0,A,nan,0.0,2710.850913
BP055931,SARDINE,2019-02-28,FM075,BAT019,3422.05,3275.2,B,nan,0.0,11292.765
BP055931,DECHET ENTIER,2019-02-28,FM075,BAT019,477.93,480.6,nan,nan,0.0,764.6880109
BP055904,SARDINE,2019-02-28,FO001,BAT024,4147.4,3968.51,A,nan,0.3825309,12010.55087
BP055904,SARDINE,2019-02-28,FO001,BAT024,677.29,677.29,B,nan,0.0624691,1961.379653
BP055678,SARDINE,2019-02-25,FB032,BAT019,3924.9,3449.64,A,nan,0.0,13344.66
BP055678,DECHET ENTIER,2019-02-25,FB032,BAT019,1123.18,1121.4,nan,nan,0.0,3818.812261
BP055830,SARDINE,2019-02-26,FM075,BAT019,7807.97,7885.4,A,nan,0.0,25766.30135
BP055830,DECHET ENTIER,2019-02-26,FM075,BAT019,2225.0,2225.0,nan,nan,0.0,3560.0
BP055754,SARDINE,2019-02-26,FM075,BAT019,10209.19,11570.0,A,nan,0.0,33690.3277
BP055754,SARDINE,2019-02-26,FM075,BAT019,1432.01,0.0,B,nan,0.0,4725.632739
BP055754,DECHET ENTIER,2019-02-26,FM075,BAT019,1602.0,1602.0,nan,nan,0.0,2563.2
BP055742,SARDINE,2019-02-27,FM075,BAT019,5851.75,5945.2,A,nan,0.0,19310.775
BP055742,SARDINE,2019-02-27,FM075,BAT019,1231.76,1246.0,B,nan,0.0,4064.807739
BP055859,SARDINE,2019-02-28,FB032,BAT019,7371.87,7204.55,A,nan,0.0,25064.35904
BP055859,SARDINE,2019-02-28,FB032,BAT019,267.0,267.0,B,nan,0.0,907.8
BP055829,SARDINE,2019-03-01,FO001,BAT011,21228.28,20802.86,A,nan,1.335,61473.89227
BP055891,SARDINE,2019-03-01,FO001,BAT007,2686.02,2390.54,A,nan,0.1275777,7778.307969
BP055891,SARDINE,2019-03-01,FO001,BAT007,6683.01,6683.01,B,nan,0.3174224,19352.98742
BP055897,SARDINE,2019-03-01,FO001,BAT007,8395.37,7713.63,A,nan,0.2903767,24311.72324
BP055897,SARDINE,2019-03-01,FO001,BAT007,1266.47,1266.47,B,nan,0.0438043,3667.505742
BP055897,DECHET ENTIER,2019-03-01,FO001,BAT007,3204.0,3204.0,nan,nan,0.110819,9278.30041
BP055956,SARDINE,2019-03-01,FO001,BAT029,5058.76,4815.79,A,nan,0.2763444,14649.40521
BP055956,SARDINE,2019-03-01,FO001,BAT029,844.61,844.61,B,nan,0.04613842,2445.862974
BP055956,DECHET ENTIER,2019-03-01,FO001,BAT029,2242.8,2242.8,nan,nan,0.1225172,6494.8102
BP055946,SARDINE,2019-03-01,FO001,BAT029,2090.61,1836.07,A,nan,0.1169114,6054.090718
BP055946,MAQUEREAU,2019-03-01,FO001,BAT029,16.91,16.91,B,2S,0.9456437,48.96880535
BP055946,MAQUEREAU,2019-03-01,FO001,BAT029,57.85,57.85,B,3S,3.235097,167.5248592
BP055946,DECHET ENTIER,2019-03-01,FO001,BAT029,2242.8,2242.8,nan,nan,0.1254222,6494.8102
BP055946,SARDINE,2019-03-01,FO001,BAT029,3549.32,3549.32,B,nan,0.1984856,10278.2945
BP056011,SARDINE,2019-03-01,FM075,BAT019,8908.899,8882.2,A,nan,0.0,29399.37
BP056011,DECHET ENTIER,2019-03-01,FM075,BAT019,747.6,747.6,nan,nan,0.0,1196.16
BP056046,SARDINE,2019-03-01,FO001,BAT024,865.97,699.54,A,nan,0.086597,2507.718408
BP056046,SARDINE,2019-03-01,FO001,BAT024,3050.03,3050.03,B,nan,0.305003,8832.426055
BP056046,DECHET ENTIER,2019-03-01,FO001,BAT024,534.0,534.0,nan,nan,0.0534,1546.383365
BP055838,SARDINE,2019-02-28,FM075,BAT019,10872.24,10715.6,A,nan,0.0,35878.3927
BP055838,DECHET ENTIER,2019-02-28,FM075,BAT019,1582.42,1584.2,nan,nan,0.0,2531.872043
BP055985,SARDINE,2019-03-02,FO001,BAT029,3183.53,2828.42,A,nan,0.197507,9219.022412
BP055985,SARDINE,2019-03-02,FO001,BAT029,5078.34,5078.34,B,nan,0.3150614,14706.10621
BP055985,DECHET ENTIER,2019-03-02,FO001,BAT029,1780.0,1780.0,nan,nan,0.1104316,5154.611001
BP055986,SARDINE,2019-03-02,FS500,BAT025,2520.48,2529.38,B,nan,1.283776,7274.357637
BP055986,MAQUEREAU,2019-03-02,FS500,BAT025,124.6,6153.46,B,3S,0.06346349,299.04
BP055986,MAQUEREAU,2019-03-02,FS500,BAT025,0.0,608.76,B,4S,0.0,0.0
BP055986,MAQUEREAU,2019-03-02,FS500,BAT025,46.28,0.0,B,M,0.02357216,217.5159946
BP055986,MAQUEREAU,2019-03-02,FS500,BAT025,186.01,0.0,A,2S,0.09474193,539.4290326
BP055986,MAQUEREAU,2019-03-02,FS500,BAT025,108.58,0.0,B,2S,0.05530391,314.8820163
BP055986,MAQUEREAU,2019-03-02,FS500,BAT025,4877.2,0.0,A,3S,2.484143,11705.28087
BP055955,SARDINE,2019-03-02,FM555,BAT041,2290.86,15730.57,A,nan,0.9157579,8018.01
BP055955,MAQUEREAU,2019-03-02,FM555,BAT041,0.0,82.4674,A,S,0.0,0.0
BP055955,MAQUEREAU,2019-03-02,FM555,BAT041,0.0,1017.136,A,2S,0.0,0.0
BP055955,MAQUEREAU,2019-03-02,FM555,BAT041,1886.8,1401.999,A,3S,0.7542373,5283.04
BP055955,MAQUEREAU,2019-03-02,FM555,BAT041,0.0,247.4111,A,4S,0.0,0.0
BP055955,SARDINE,2019-03-02,FM555,BAT041,12474.24,0.0,B,nan,4.986505,37422.72
BP055955,MAQUEREAU,2019-03-02,FM555,BAT041,46.28,0.0,B,2S,18.50016,189.7479973
BP056057,SARDINE,2019-03-02,FO001,BAT007,1329.66,724.46,A,nan,0.08164436,3850.494609
BP056057,SARDINE,2019-03-02,FO001,BAT007,2802.61,2598.8,B,nan,0.1720871,8115.935205
BP056057,DECHET ENTIER,2019-03-02,FO001,BAT007,3115.0,3115.0,nan,nan,0.1912686,9020.569795
BP056060,SARDINE,2019-03-02,FO001,BAT007,2949.46,2422.58,A,nan,0.1825613,8541.190938
BP056060,SARDINE,2019-03-02,FO001,BAT007,1124.96,1103.6,B,nan,0.0696311,3257.714194
BP056060,DECHET ENTIER,2019-03-02,FO001,BAT007,3115.0,3115.0,nan,nan,0.1928076,9020.569795
BP056065,SARDINE,2019-03-02,FO001,BAT007,2695.81,2530.27,A,nan,0.1835383,7806.658467
BP056065,SARDINE,2019-03-02,FO001,BAT007,725.35,725.35,B,nan,0.04938385,2100.50408
BP056065,DECHET ENTIER,2019-03-02,FO001,BAT007,3115.0,3115.0,nan,nan,0.2120779,9020.569795
BP056084,SARDINE,2019-03-02,FM075,BAT019,4272.0,4147.4,A,nan,0.0,14097.6
BP056084,SARDINE,2019-03-02,FM075,BAT019,2109.3,2029.2,B,nan,0.0,6960.69
BP056084,DECHET ENTIER,2019-03-02,FM075,BAT019,2670.0,2670.0,nan,nan,0.0,4272.0
BP056085,SARDINE,2019-03-02,FS500,BAT025,16928.69,16477.46,A,nan,6.675,50786.07
BP056064,SARDINE,2019-03-03,FB032,BAT019,6357.27,6518.36,A,nan,0.0,21614.71904
BP056064,SARDINE,2019-03-03,FB032,BAT019,320.4,320.4,B,nan,0.0,1089.36
BP056064,DECHET ENTIER,2019-03-03,FB032,BAT019,841.05,836.6,nan,nan,0.0,2859.57
BP056115,SARDINE,2019-03-03,FM555,BAT041,11259.39,12464.35,A,nan,4.111868,39407.865
BP056115,MAQUEREAU,2019-03-03,FM555,BAT041,0.0,175.8195,A,2S,0.0,0.0
BP056115,MAQUEREAU,2019-03-03,FM555,BAT041,409.4,299.3604,A,3S,0.1495107,1146.32
BP056115,SARDINE,2019-03-03,FM500,BAT025,0.0,2546.397,B,nan,0.0,0.0
BP056115,MAQUEREAU,2019-03-03,FM500,BAT025,0.0,276.4963,A,S,0.0,0.0
BP056115,MAQUEREAU,2019-03-03,FM500,BAT025,0.0,325.7222,A,2S,0.0,0.0
BP056115,MAQUEREAU,2019-03-03,FM500,BAT025,0.0,420.97,A,3S,0.0,0.0
BP056115,MAQUEREAU,2019-03-03,FM500,BAT025,1762.2,987.4906,A,3S,0.6435458,5022.27
BP056115,MAQUEREAU,2019-03-03,FM500,BAT025,0.0,195.6576,A,4S,0.0,0.0
BP056115,SARDINE,2019-03-03,FM500,BAT025,2629.95,0.0,A,nan,0.9604433,8021.3475
BP056115,SARDINE,2019-03-03,FM555,BAT041,2216.99,0.0,B,nan,0.8096327,6650.97
BP056164,SARDINE,2019-03-03,FO001,BAT007,7276.64,6594.01,A,nan,0.3783611,21072.05023
BP056164,SARDINE,2019-03-03,FO001,BAT007,456.57,456.57,B,nan,0.02374012,1322.157795
BP056164,DECHET ENTIER,2019-03-03,FO001,BAT007,825.03,825.03,nan,nan,0.04289882,2389.162195
BP056167,SARDINE,2019-03-03,FO001,BAT007,7881.84,7523.17,A,nan,0.4396596,22824.61842
BP056167,SARDINE,2019-03-03,FO001,BAT007,1746.18,1746.18,B,nan,0.09740426,5056.673628
BP056167,DECHET ENTIER,2019-03-03,FO001,BAT007,1540.59,1540.59,nan,nan,0.08593617,4461.316211
BP056135,SARDINE,2019-03-03,FM555,BAT041,11917.1,10624.38,A,nan,4.085303,41709.85
BP056135,MAQUEREAU,2019-03-03,FM555,BAT041,0.0,298.951,A,S,0.0,0.0
BP056135,MAQUEREAU,2019-03-03,FM555,BAT041,792.1,388.6096,A,2S,0.2715399,3247.61
BP056135,MAQUEREAU,2019-03-03,FM555,BAT041,2670.0,2122.383,A,3S,0.9153032,7476.0
BP056135,MAQUEREAU,2019-03-03,FM555,BAT041,0.0,179.335,A,4S,0.0,0.0
BP056135,SARDINE,2019-03-03,FM555,BAT041,2949.46,5176.24,B,nan,1.011105,8848.38
BP056135,MAQUEREAU,2019-03-03,FM555,BAT041,46.28,0.0,A,M,15.86525,273.0520163
BP056135,SARDINE,2019-03-04,FM555,BAT041,918.48,0.0,B,nan,0.3148643,3214.68
BP056135,MAQUEREAU,2019-03-04,FM555,BAT041,178.0,0.0,A,3S,0.06102021,498.4
BP056188,SARDINE,2019-03-03,FO001,BAT011,4838.04,4540.78,A,nan,0.2738307,14010.23312
BP056188,SARDINE,2019-03-03,FO001,BAT011,621.22,621.22,B,nan,0.03516074,1798.959325
BP056188,DECHET ENTIER,2019-03-03,FO001,BAT011,2403.0,2403.0,nan,nan,0.1360086,6958.725308
BP056207,SARDINE,2019-03-04,FO001,BAT029,4647.58,4375.24,A,nan,0.2385087,13458.68951
BP056207,SARDINE,2019-03-04,FO001,BAT029,659.49,659.49,B,nan,0.0338443,1909.783555
BP056207,DECHET ENTIER,2019-03-04,FO001,BAT029,3364.2,3364.2,nan,nan,0.172647,9742.215518
BP056218,SARDINE,2019-03-04,FM075,BAT019,8499.5,8455.0,A,nan,0.0,28048.35
BP056218,DECHET ENTIER,2019-03-04,FM075,BAT019,1869.0,1869.0,nan,nan,0.0,2990.4
BP056210,SARDINE,2019-03-04,FO001,BAT029,7103.09,6933.1,A,nan,0.3866259,20569.47662
BP056210,SARDINE,2019-03-04,FO001,BAT029,1072.45,1072.45,B,nan,0.05837416,3105.653262
BP056227,SARDINE,2019-03-04,FM075,BAT019,6614.48,7280.2,A,nan,0.0,21827.78365
BP056227,SARDINE,2019-03-04,FM075,BAT019,2059.46,801.0,B,nan,0.0,6796.217739
BP056227,DECHET ENTIER,2019-03-04,FM075,BAT019,1721.26,2242.8,nan,nan,0.0,2754.01613
BP056206,SARDINE,2019-03-04,FE065,BAT019,6574.43,6461.4,A,nan,0.0,21695.61865
BP056206,DECHET ENTIER,2019-03-04,FE065,BAT019,2367.4,2331.8,nan,nan,0.0,3787.84
BP056220,SARDINE,2019-03-04,FE065,BAT019,5429.89,5393.4,A,nan,0.0,17918.63596
BP056220,DECHET ENTIER,2019-03-04,FE065,BAT019,4111.8,4111.8,nan,nan,0.0,6578.88
BP056225,SARDINE,2019-03-04,FE065,BAT019,4483.82,4717.0,A,nan,0.0,14796.60635
BP056225,SARDINE,2019-03-04,FE065,BAT019,1587.76,1637.6,B,nan,0.0,5239.607739
BP056225,DECHET ENTIER,2019-03-04,FE065,BAT019,3604.5,3613.4,nan,nan,0.0,5767.2
BP056226,SARDINE,2019-03-05,FO001,BAT029,8306.37,8086.54,A,nan,0.5493631,24053.9935
BP056226,SARDINE,2019-03-05,FO001,BAT029,1113.39,1113.39,B,nan,0.07363691,3224.209258
BP056228,SARDINE,2019-03-05,FM075,BAT019,4204.36,4218.6,A,nan,0.0,13874.38817
BP056228,SARDINE,2019-03-05,FM075,BAT019,1260.24,1263.8,B,nan,0.0,4158.791826
BP056310,SARDINE,2019-03-05,FO001,BAT007,18094.59,18094.59,A,nan,0.9625464,52399.19848
BP056310,SARDINE,2019-03-05,FO001,BAT007,2017.63,2017.63,B,nan,0.1073284,5842.751787
BP056310,SARDINE,2019-03-06,FO001,BAT007,4984.0,4776.63,A,nan,0.2651252,14432.91098
BP056213,SARDINE,2019-03-05,FS500,BAT025,14636.94,9320.08,B,nan,5.91089,39519.7373
BP056213,SARDINE,2019-03-05,FS500,BAT025,1892.14,7961.05,A,nan,0.76411,5676.42
BP056234,SARDINE,2019-03-05,FM555,BAT041,0.0,18208.22,A,nan,0.0,0.0
BP056234,SARDINE,2019-03-05,FM555,BAT041,16529.08,0.0,B,nan,6.675,57851.78
BP056261,SARDINE,2019-03-05,FM555,BAT041,11674.13,12856.27,B,nan,4.731988,35022.39
BP056261,MAQUEREAU,2019-03-05,FM555,BAT041,0.0,206.8627,A,S,0.0,0.0
BP056261,MAQUEREAU,2019-03-05,FM555,BAT041,0.0,712.5035,A,2S,0.0,0.0
BP056261,MAQUEREAU,2019-03-05,FM555,BAT041,2118.2,1379.039,A,3S,0.8585905,5930.96
BP056261,SARDINE,2019-03-05,FS500,BAT028,0.0,1506.77,A,nan,0.0,0.0
BP056261,MAQUEREAU,2019-03-05,FS500,BAT028,0.0,106.8,A,S,0.0,0.0
BP056261,MAQUEREAU,2019-03-05,FS500,BAT028,931.83,534.0,A,2S,0.3777077,4379.600913
BP056261,MAQUEREAU,2019-03-05,FS500,BAT028,0.0,249.2,A,3S,0.0,0.0
BP056261,SARDINE,2019-03-05,FS500,BAT028,1450.7,0.0,B,nan,0.5880263,5077.45
BP056261,MAQUEREAU,2019-03-05,FS500,BAT028,106.8,0.0,B,3S,0.04329028,363.12
BP056261,MAQUEREAU,2019-03-05,FS500,BAT028,186.01,0.0,A,M,0.07539725,1171.863065
BP056401,SARDINE,2019-03-06,FM075,BAT019,10463.73,10537.6,A,nan,0.0,34530.30691
BP056401,SARDINE,2019-03-06,FM075,BAT019,1420.44,1424.0,B,nan,0.0,4687.451826
BP056420,MAQUEREAU,2019-03-06,FO001,BAT007,8482.59,8397.149,A,M,0.445,61375.46383
BP056423,MAQUEREAU,2019-03-06,FO001,BAT007,2166.26,1798.69,A,M,0.1625973,15673.8943
BP056423,SARDINE,2019-03-06,FO001,BAT007,5558.94,5855.31,A,nan,0.4172484,40221.50578
BP056423,MAQUEREAU,2019-03-06,FO001,BAT007,574.94,567.82,A,2S,0.04315441,4159.957344
BP056426,SARDINE,2019-03-06,FO001,BAT029,6448.94,6311.88,A,nan,0.445,18675.15682
BP056466,MAQUEREAU,2019-03-06,FO001,BAT024,5112.16,4936.83,A,M,0.363286,34762.6873
BP056466,MAQUEREAU,2019-03-06,FO001,BAT024,1149.88,1149.88,A,2S,0.08171405,7819.184521
BP056453,SARDINE,2019-03-06,FO001,BAT011,6039.54,5936.3,A,nan,0.445,17489.59512
BP056448,SARDINE,2019-03-06,FO001,BAT011,2242.8,2242.8,A,nan,0.1277221,6494.8102
BP056448,SARDINE,2019-03-06,FO001,BAT011,3802.08,3802.08,B,nan,0.2165194,11010.2491
BP056448,SARDINE,2019-03-07,FO001,BAT011,4895.0,4652.92,A,nan,0.2787586,14175.18123
BP056469,MAQUEREAU,2019-03-06,FO001,BAT011,7111.99,7111.99,A,M,0.4382389,50095.28398
BP056469,MAQUEREAU,2019-03-06,FO001,BAT011,699.54,699.54,A,2S,0.04310546,4927.405039
BP056469,SARDINE,2019-03-07,FO001,BAT011,1281.6,1182.81,A,nan,0.07897183,9027.307373
BP056469,SARDINE,2019-03-07,FO001,BAT011,764.51,764.51,B,nan,0.04710889,5385.039302
BP056469,MAQUEREAU,2019-03-07,FO001,BAT011,46.28,46.28,A,M,2.851761,325.9860754
BP056469,MAQUEREAU,2019-03-07,FO001,BAT011,62.3,62.3,B,M,3.838908,438.8274176
BP056469,MAQUEREAU,2019-03-07,FO001,BAT011,108.58,108.58,B,2S,6.690669,764.813493
BP056469,MAQUEREAU,2019-03-07,FO001,BAT011,35.6,35.6,B,3S,2.193662,250.7585321
BP056459,SARDINE,2019-03-06,FO001,BAT024,4151.85,4151.85,A,nan,0.2519763,12023.13081
BP056459,SARDINE,2019-03-07,FO001,BAT024,6113.41,6282.51,A,nan,0.3710237,17703.51148
BP056434,SARDINE,2019-03-07,FO001,BAT029,6870.8,6721.28,A,nan,0.445,19896.80002
BP056442,SARDINE,2019-03-07,FO001,BAT029,1687.44,1558.39,A,nan,0.1353417,4886.571509
BP056442,SARDINE,2019-03-07,FO001,BAT029,3860.82,3860.82,B,nan,0.3096584,11180.35209
BP056478,SARDINE,2019-03-07,FE065,BAT019,4357.44,4147.4,A,nan,0.0,14379.55183
BP056478,SARDINE,2019-03-07,FE065,BAT019,3969.4,3773.6,B,nan,0.0,13099.02
BP056507,SARDINE,2019-03-07,FO001,BAT007,7961.94,7816.87,A,nan,0.445,23056.57641
BP056509,SARDINE,2019-03-07,FM075,BAT019,5211.84,5571.4,A,nan,0.0,17199.07096
BP056509,SARDINE,2019-03-07,FM075,BAT019,2739.42,2937.0,B,nan,0.0,9040.085479
BP056519,SARDINE,2019-03-07,FM075,BAT019,1452.48,6194.4,A,nan,0.0,4793.184087
BP056519,SARDINE,2019-03-07,FM075,BAT019,4950.18,10697.8,B,nan,0.0,16335.59365
BP056519,SARDINE,2019-03-08,FM075,BAT019,4588.84,0.0,A,nan,0.0,15143.17096
BP056519,SARDINE,2019-03-08,FM075,BAT019,5468.16,0.0,B,nan,0.0,18044.9273
BP056523,SARDINE,2019-03-07,FM075,BAT019,7536.52,13795.0,B,nan,0.0,24870.51635
BP056523,SARDINE,2019-03-08,FM075,BAT019,6294.08,0.0,B,nan,0.0,20770.46365
BP056555,SARDINE,2019-03-08,FM500,BAT025,1068.0,3428.654,B,nan,0.4311087,3257.4
BP056555,MAQUEREAU,2019-03-08,FM500,BAT025,0.0,118.6904,A,S,0.0,0.0
BP056555,MAQUEREAU,2019-03-08,FM500,BAT025,0.0,443.0865,A,2S,0.0,0.0
BP056555,MAQUEREAU,2019-03-08,FM500,BAT025,0.0,229.4554,A,3S,0.0,0.0
BP056555,SARDINE,2019-03-08,FS500,BAT025,0.0,1788.9,B,nan,0.0,0.0
BP056555,MAQUEREAU,2019-03-08,FS500,BAT025,0.0,190.46,A,S,0.0,0.0
BP056555,MAQUEREAU,2019-03-08,FS500,BAT025,0.0,605.2,A,2S,0.0,0.0
BP056555,MAQUEREAU,2019-03-08,FS500,BAT025,4040.6,1720.37,A,3S,1.631028,9697.44
BP056555,MAQUEREAU,2019-03-08,FS500,BAT025,0.0,229.62,A,2S,0.0,0.0
BP056555,MAQUEREAU,2019-03-08,FS500,BAT025,0.0,2066.58,A,3S,0.0,0.0
BP056555,MAQUEREAU,2019-03-08,FM500,BAT025,139.73,0.0,B,M,0.05640339,831.3934674
BP056555,MAQUEREAU,2019-03-08,FM500,BAT025,325.74,0.0,B,2S,0.1314882,1351.821022
BP056555,SARDINE,2019-03-08,FS500,BAT025,10143.33,6731.07,A,nan,4.094455,30429.99
BP056555,MAQUEREAU,2019-03-08,FS500,BAT025,818.8,0.0,B,3S,0.3305167,1965.12
BP056642,SARDINE,2019-03-10,FM555,BAT041,12780.4,16092.09,A,nan,4.894205,44731.4
BP056642,MAQUEREAU,2019-03-10,FM555,BAT041,139.73,229.1038,A,M,0.05350907,824.4069891
BP056642,MAQUEREAU,2019-03-10,FM555,BAT041,0.0,1317.351,A,S,0.0,0.0
BP056642,MAQUEREAU,2019-03-10,FM555,BAT041,419.19,973.6867,A,2S,0.1605272,1718.678978
BP056642,MAQUEREAU,2019-03-10,FM555,BAT041,2385.2,343.6512,A,3S,0.9134032,6678.56
BP056642,SARDINE,2019-03-10,FM555,BAT041,1613.57,0.0,B,nan,0.6179104,4840.71
BP056642,MAQUEREAU,2019-03-10,FM555,BAT041,92.56,0.0,B,2S,0.03544549,379.4959946
BP055696,SARDINE,2019-02-25,FE060,BAT019,6815.62,6868.13,A,nan,0.0,22491.54635
BP055696,DECHET ENTIER,2019-02-25,FE060,BAT019,738.7,747.6,nan,nan,0.0,1181.92
BP055696,SARDINE,2019-02-25,FE060,BAT019,1302.07,1302.07,B,nan,0.0,4296.830913
BP056732,SARDINE,2019-03-12,FS500,BAT025,1404.42,5874.89,B,nan,0.5272903,3791.934087
BP056732,SARDINE,2019-03-12,FS500,BAT025,16374.22,11928.67,A,nan,6.14771,49122.66
BP056751,SARDINE,2019-03-12,FS500,BAT025,1893.03,7346.06,B,nan,0.7004995,5111.180913
BP056751,SARDINE,2019-03-12,FS500,BAT025,16145.49,8980.1,A,nan,5.9745,48436.47
BP056781,SARDINE,2019-03-13,FO001,BAT007,5210.06,5125.51,A,nan,0.2524254,15087.5477
BP056781,SARDINE,2019-03-13,FO001,BAT007,3974.74,3974.74,B,nan,0.1925746,11510.24658
BP056783,SARDINE,2019-03-13,FO001,BAT007,8509.29,8339.3,A,nan,0.446013,24641.61947
BP056783,SARDINE,2019-03-13,FO001,BAT007,3376.66,3376.66,B,nan,0.1769871,9778.297021
BP056863,LATCHA,2019-03-14,FS500,BAT019,6330.57,6675.0,A,nan,3.824861,22790.05096
BP056863,DECHET ENTIER,2019-03-14,FS500,BAT019,298.15,338.2,nan,nan,0.180139,536.67
BP056937,MAQUEREAU,2019-03-16,FM555,BAT041,1304.74,469.8399,A,M,0.5502137,7697.966348
BP056937,MAQUEREAU,2019-03-16,FM555,BAT041,0.0,4030.632,A,S,0.0,0.0
BP056937,MAQUEREAU,2019-03-16,FM555,BAT041,0.0,2231.853,A,2S,0.0,0.0
BP056937,MAQUEREAU,2019-03-16,FM555,BAT041,0.0,5050.883,A,3S,0.0,0.0
BP056937,MAQUEREAU,2019-03-16,FS500,BAT025,0.0,3867.05,A,3S,0.0,0.0
BP056937,SARDINE,2019-03-16,FM555,BAT041,62.3,0.0,B,nan,0.02627214,186.9
BP056937,MAQUEREAU,2019-03-16,FM555,BAT041,4460.68,0.0,B,3S,1.881085,12489.90365
BP056937,MAQUEREAU,2019-03-16,FM555,BAT041,5788.56,0.0,B,2S,2.441057,23733.09461
BP056937,MAQUEREAU,2019-03-16,FS500,BAT025,4212.37,0.0,B,3S,1.776372,10109.68817
BP057024,SARDINE,2019-03-18,FO001,BAT024,5743.17,5636.37,A,nan,0.3279188,16631.35352
BP057024,SARDINE,2019-03-18,FO001,BAT024,2050.56,2050.56,B,nan,0.1170812,5938.112158
BP057025,SARDINE,2019-03-18,FO001,BAT024,6402.66,6370.62,A,nan,0.5562003,18541.13707
BP057025,SARDINE,2019-03-18,FO001,BAT024,768.96,768.96,B,nan,0.06679971,2226.791951
BP057026,SARDINE,2019-03-18,FO001,BAT019,3557.33,3302.79,A,nan,0.2016398,10301.49013
BP057026,SARDINE,2019-03-18,FO001,BAT019,4293.36,4293.36,B,nan,0.2433602,12432.92192
BP057013,SARDINE,2019-03-18,FM555,BAT041,2285.52,14284.79,B,nan,0.9402853,6856.56
BP057013,MAQUEREAU,2019-03-18,FM555,BAT041,0.0,137.3537,A,M,0.0,0.0
BP057013,MAQUEREAU,2019-03-18,FM555,BAT041,0.0,576.8891,A,S,0.0,0.0
BP057013,MAQUEREAU,2019-03-18,FM555,BAT041,0.0,824.1222,A,2S,0.0,0.0
BP057013,MAQUEREAU,2019-03-18,FM555,BAT041,0.0,1353.752,A,3S,0.0,0.0
BP057013,MAQUEREAU,2019-03-18,FM555,BAT041,0.0,267.0,A,3S,0.0,0.0
BP057013,SARDINE,2019-03-18,FM555,BAT041,10704.03,0.0,A,nan,4.403743,32112.09
BP057013,MAQUEREAU,2019-03-18,FM555,BAT041,1041.3,0.0,B,2S,0.428401,4269.33
BP057013,MAQUEREAU,2019-03-18,FM555,BAT041,93.45,0.0,B,M,0.03844624,551.355
BP057013,MAQUEREAU,2019-03-18,FM555,BAT041,2100.4,0.0,B,3S,0.8641251,5881.12
BP057155,SARDINE,2019-03-21,FM500,BAT025,13125.72,17319.4,B,nan,4.891573,40033.44461
BP057155,MAQUEREAU,2019-03-21,FM500,BAT025,0.0,68.53,A,S,0.0,0.0
BP057155,MAQUEREAU,2019-03-21,FM500,BAT025,0.0,266.11,A,2S,0.0,0.0
BP057155,MAQUEREAU,2019-03-21,FM500,BAT025,0.0,348.5151,A,3S,0.0,0.0
BP057155,SARDINE,2019-03-21,FM500,BAT025,4005.0,0.0,A,nan,1.492547,12215.25
BP057155,MAQUEREAU,2019-03-21,FM500,BAT025,35.6,0.0,B,3S,13.26708,101.46
BP057155,MAQUEREAU,2019-03-21,FM500,BAT025,496.62,0.0,B,2S,0.1850758,2060.972957
BP057155,MAQUEREAU,2019-03-21,FM500,BAT025,248.31,0.0,B,M,0.09253789,1477.444435
BP057157,SARDINE,2019-03-21,FM500,BAT025,6934.88,6775.57,B,nan,3.432354,21151.38365
BP057157,MAQUEREAU,2019-03-21,FM500,BAT025,0.0,32.93,A,M,0.0,0.0
BP057157,MAQUEREAU,2019-03-21,FM500,BAT025,0.0,108.58,A,S,0.0,0.0
BP057157,MAQUEREAU,2019-03-21,FM500,BAT025,0.0,393.38,A,2S,0.0,0.0
BP057157,MAQUEREAU,2019-03-21,FM500,BAT025,1157.0,557.14,A,3S,0.5726463,3297.449783
BP057252,SARDINE,2019-03-24,FM500,BAT025,13770.97,17318.51,A,nan,5.228159,48886.94211
BP057252,MAQUEREAU,2019-03-24,FM500,BAT025,123.71,113.564,A,M,0.04696659,736.0744891
BP057252,MAQUEREAU,2019-03-24,FM500,BAT025,0.0,340.692,A,S,0.0,0.0
BP057252,MAQUEREAU,2019-03-24,FM500,BAT025,0.0,454.256,A,2S,0.0,0.0
BP057252,MAQUEREAU,2019-03-24,FM500,BAT025,0.0,511.0424,A,3S,0.0,0.0
BP057252,MAQUEREAU,2019-03-24,FM500,BAT025,284.8,0.0,B,2S,0.1081245,1181.92
BP057252,MAQUEREAU,2019-03-24,FM500,BAT025,527.77,0.0,B,3S,0.2003683,1504.144435
BP057252,SARDINE,2019-03-24,FM500,BAT025,2874.7,0.0,B,nan,1.091382,10205.185
BP057277,SARDINE,2019-03-24,FM555,BAT041,15407.68,18807.48,A,nan,5.773262,53926.88
BP057277,SARDINE,2019-03-24,FM555,BAT041,2406.56,0.0,B,nan,0.9017386,8422.96
BP057294,SARDINE,2019-03-24,FS500,BAT025,6443.6,5192.26,B,nan,2.469948,17397.72
BP057294,MAQUEREAU,2019-03-24,FS500,BAT025,0.0,798.33,A,3S,0.0,0.0
BP057294,SARDINE,2019-03-24,FS500,BAT025,10626.6,12115.57,A,nan,4.073367,31879.8
BP057294,MAQUEREAU,2019-03-24,FS500,BAT025,17.8,0.0,B,3S,6.823061,42.72
BP057294,MAQUEREAU,2019-03-24,FS500,BAT025,325.74,0.0,B,2S,0.124862,944.6460217
BP057318,SARDINE,2019-03-24,FO001,BAT007,15635.52,15215.44,A,nan,1.301875,45278.10336
BP057318,SARDINE,2019-03-24,FO001,BAT007,397.83,397.83,B,nan,0.0331249,1152.055568
BP057327,SARDINE,2019-03-25,FM500,BAT025,12132.48,19010.4,A,nan,4.541732,43070.30191
BP057327,MAQUEREAU,2019-03-25,FM500,BAT025,0.0,111.25,A,S,0.0,0.0
BP057327,MAQUEREAU,2019-03-25,FM500,BAT025,279.46,307.05,A,2S,0.1046144,1159.758978
BP057327,MAQUEREAU,2019-03-25,FM500,BAT025,267.0,268.78,A,3S,0.09995009,760.95
BP057327,MAQUEREAU,2019-03-25,FM500,BAT025,0.0,60.52,A,4S,0.0,0.0
BP057327,SARDINE,2019-03-25,FM500,BAT025,5074.78,0.0,B,nan,1.899718,18015.46865
BP057327,MAQUEREAU,2019-03-25,FM500,BAT025,77.43,0.0,A,M,0.02898552,460.7084674
BP057408,SARDINE,2019-03-25,FO001,BAT007,5923.84,5911.38,B,nan,0.4450001,17154.54662
BP057342,SARDINE,2019-03-26,FO001,BAT024,4166.98,4083.32,A,nan,0.3815916,12066.94506
BP057342,SARDINE,2019-03-26,FO001,BAT024,692.42,692.42,B,nan,0.06340843,2005.143708
BP057340,SARDINE,2019-03-26,FS500,BAT025,17180.56,16199.78,A,nan,6.417042,51541.68
BP057340,SARDINE,2019-03-26,FS500,BAT025,690.64,2636.18,B,nan,0.2579582,1864.727957
BP057357,SARDINE,2019-03-26,FS500,BAT025,13506.64,13102.58,A,nan,4.983264,40519.92
BP057357,SARDINE,2019-03-26,FS500,BAT025,1929.52,2597.91,B,nan,0.711895,5209.704087
BP057357,MAQUEREAU,2019-03-26,FS500,BAT025,92.56,167.32,B,2S,0.03414994,268.4240054
BP057357,MAQUEREAU,2019-03-26,FS500,BAT025,2509.8,1323.43,A,3S,0.9259889,6023.520435
BP057357,MAQUEREAU,2019-03-26,FS500,BAT025,0.0,185.12,A,4S,0.0,0.0
BP057357,MAQUEREAU,2019-03-26,FS500,BAT025,53.4,0.0,B,3S,19.70189,128.16
BP057371,SARDINE,2019-03-26,FS500,BAT025,2240.13,1466.72,B,nan,1.146563,6048.350913
BP057371,MAQUEREAU,2019-03-26,FS500,BAT025,0.0,713.78,A,2S,0.0,0.0
BP057371,MAQUEREAU,2019-03-26,FS500,BAT025,0.0,1269.14,A,3S,0.0,0.0
BP057371,SARDINE,2019-03-26,FS500,BAT025,5584.75,5201.16,A,nan,2.858437,16754.25
BP057405,LATCHA,2019-03-26,FL044,BAT019,11463.2,11214.0,A,nan,0.0,42413.84
BP057406,LATCHA,2019-03-26,FL044,BAT019,11303.0,11231.8,A,nan,0.0,41821.1
BP057412,LATCHA,2019-03-26,FL044,BAT019,6108.96,6011.06,A,nan,0.0,22603.1527
BP057412,LATCHA,2019-03-27,FL044,BAT019,4615.54,4615.54,A,nan,0.0,17077.49904
BP057410,LATCHA,2019-03-27,FL044,BAT019,10840.2,10733.4,A,nan,0.0,40108.74
BP057399,SARDINE,2019-03-27,FS500,BAT025,13929.39,6335.02,B,nan,5.787835,37609.3523
BP057399,MAQUEREAU,2019-03-27,FS500,BAT025,2011.4,1909.94,B,3S,0.8357618,4827.36
BP057399,MAQUEREAU,2019-03-27,FS500,BAT025,108.58,0.0,B,2S,0.04511635,314.8820163
BP057399,MAQUEREAU,2019-03-27,FS500,BAT025,15.13,0.0,B,M,6.286704,71.11099457
BP057404,LATCHA,2019-03-27,FS500,BAT019,17639.8,17016.8,A,nan,6.466203,63503.28
BP057404,LATCHA,2019-03-27,FS500,BAT019,569.6,0.0,B,nan,0.2087977,2050.56
BP057543,SARDINE,2019-03-27,FB032,BAT019,5102.37,5073.0,A,nan,0.0,17348.05904
BP057543,SARDINE,2019-03-27,FB032,BAT019,1716.81,1691.0,B,nan,0.0,5837.154087
BP057543,SARDINE,2019-03-28,FB032,BAT019,2937.0,2705.6,B,nan,0.0,9985.8
BP057475,SARDINE,2019-03-27,FS500,BAT025,12359.43,16591.38,A,nan,4.628307,37078.29
BP057475,SARDINE,2019-03-27,FS500,BAT025,5465.49,2262.38,B,nan,2.046694,14756.82404
BP057486,SARDINE,2019-03-28,FM555,BAT041,15181.62,15962.15,B,nan,5.663939,45544.86
BP057486,MAQUEREAU,2019-03-28,FM555,BAT041,0.0,84.55,A,M,0.0,0.0
BP057486,MAQUEREAU,2019-03-28,FM555,BAT041,0.0,847.28,A,S,0.0,0.0
BP057486,MAQUEREAU,2019-03-28,FM555,BAT041,0.0,1044.86,A,2S,0.0,0.0
BP057486,MAQUEREAU,2019-03-28,FM555,BAT041,0.0,847.28,A,3S,0.0,0.0
BP057486,MAQUEREAU,2019-03-28,FM555,BAT041,0.0,480.6,A,3S,0.0,0.0
BP057486,MAQUEREAU,2019-03-28,FM555,BAT041,0.0,259.6931,A,4S,0.0,0.0
BP057486,MAQUEREAU,2019-03-28,FM555,BAT041,2136.0,0.0,B,3S,0.796896,5980.8
BP057486,MAQUEREAU,2019-03-28,FM555,BAT041,154.86,0.0,B,2S,0.05777496,634.9259674
BP057486,MAQUEREAU,2019-03-28,FM555,BAT041,419.19,0.0,B,M,0.1563908,2473.22113
BP057522,SARDINE,2019-03-28,FM500,BAT025,16295.9,17371.91,B,nan,6.110352,49702.495
BP057522,MAQUEREAU,2019-03-28,FM500,BAT025,0.0,201.051,A,S,0.0,0.0
BP057522,MAQUEREAU,2019-03-28,FM500,BAT025,0.0,267.89,A,2S,0.0,0.0
BP057522,MAQUEREAU,2019-03-28,FM500,BAT025,0.0,763.62,A,3S,0.0,0.0
BP057522,MAQUEREAU,2019-03-28,FM500,BAT025,0.0,106.84,A,4S,0.0,0.0
BP057522,MAQUEREAU,2019-03-28,FM500,BAT025,900.68,0.0,B,2S,0.3377213,3737.822261
BP057522,MAQUEREAU,2019-03-28,FM500,BAT025,605.2,0.0,B,3S,0.2269273,1724.819891
BP057562,SARDINE,2019-03-28,FS500,BAT025,9761.52,15630.18,A,nan,3.706156,29284.56
BP057562,SARDINE,2019-03-28,FS500,BAT025,7819.54,2970.82,B,nan,2.968844,21112.75904
BP057576,SARDINE,2019-03-29,FS500,BAT025,10652.41,7084.4,B,nan,4.149212,28761.5077
BP057576,MAQUEREAU,2019-03-29,FS500,BAT025,0.0,69.42,A,2S,0.0,0.0
BP057576,MAQUEREAU,2019-03-29,FS500,BAT025,836.6,578.5,A,3S,0.3258634,2007.84
BP057576,MAQUEREAU,2019-03-29,FS500,BAT025,0.0,49.84,A,4S,0.0,0.0
BP057576,SARDINE,2019-03-29,FS500,BAT025,5647.94,10594.56,A,nan,2.199925,16943.82
BP057651,SARDINE,2019-03-29,FM555,BAT041,4115.36,16649.23,A,nan,1.609742,14403.76
BP057651,MAQUEREAU,2019-03-29,FM555,BAT041,0.0,368.46,A,2S,0.0,0.0
BP057651,MAQUEREAU,2019-03-29,FM555,BAT041,178.0,928.27,B,3S,0.06962553,498.4
BP057651,MAQUEREAU,2019-03-29,FM555,BAT041,0.0,70.3456,A,4S,0.0,0.0
BP057651,MAQUEREAU,2019-03-29,FM555,BAT041,15.13,0.0,B,M,5.91817,89.26700272
BP057651,SARDINE,2019-03-29,FM555,BAT041,12756.37,0.0,B,nan,4.989714,44647.295
BP057708,SARDINE,2019-03-29,FL044,BAT019,2665.55,2830.2,A,nan,0.0,8796.315
BP057708,SARDINE,2019-03-29,FL044,BAT019,40.94,35.6,B,nan,0.0,135.1020027
BP057708,MAQUEREAU,2019-03-29,FL044,BAT019,35.6,35.6,B,3S,0.0,117.48
BP057708,MAQUEREAU,2019-03-29,FL044,BAT019,15.13,17.8,B,2S,0.0,49.92899864
BP057720,SARDINE,2019-03-30,FO001,BAT007,18160.45,18132.86,A,nan,1.232833,52589.91922
BP057720,SARDINE,2019-03-30,FO001,BAT007,1504.99,1504.99,B,nan,0.1021672,4358.223965
BP057718,SARDINE,2019-03-30,FS500,BAT025,7249.05,4410.84,B,nan,2.699631,19572.435
BP057718,SARDINE,2019-03-30,FS500,BAT025,9689.43,9295.16,A,nan,3.608458,29068.29
BP057718,MAQUEREAU,2019-03-30,FS500,BAT025,907.8,1355.47,B,3S,0.3380754,2178.72
BP057718,MAQUEREAU,2019-03-30,FS500,BAT025,0.0,339.09,A,4S,0.0,0.0
BP057718,MAQUEREAU,2019-03-30,FS500,BAT025,46.28,0.0,B,2S,17.23521,134.2120027
BP057718,MAQUEREAU,2019-03-30,FS500,BAT025,31.15,0.0,B,M,11.60063,146.405
BP057806,SARDINE,2019-04-01,FS500,BAT019,3673.92,3552.88,A,nan,0.0,12491.32817
BP057806,SARDINE,2019-04-01,FS500,BAT019,3481.68,3524.4,B,nan,0.0,11837.7127
BP057782,SARDINE,2019-04-01,FM500,BAT025,9747.28,15973.72,A,nan,3.770222,34602.84191
BP057782,MAQUEREAU,2019-04-01,FM500,BAT025,0.0,201.14,A,S,0.0,0.0
BP057782,MAQUEREAU,2019-04-01,FM500,BAT025,0.0,469.5551,A,2S,0.0,0.0
BP057782,MAQUEREAU,2019-04-01,FM500,BAT025,0.0,535.78,A,3S,0.0,0.0
BP057782,MAQUEREAU,2019-04-01,FM500,BAT025,0.0,66.75,A,3S,0.0,0.0
BP057782,MAQUEREAU,2019-04-01,FM500,BAT025,0.0,328.41,A,3S,0.0,0.0
BP057782,MAQUEREAU,2019-04-01,FM500,BAT025,0.0,103.24,A,4S,0.0,0.0
BP057782,SARDINE,2019-04-01,FM500,BAT025,6023.52,0.0,B,nan,2.329881,21383.49635
BP057782,MAQUEREAU,2019-04-01,FM500,BAT025,236.74,0.0,B,M,0.0915704,1408.602957
BP057782,MAQUEREAU,2019-04-01,FM500,BAT025,217.16,0.0,B,2S,0.08399691,901.2140326
BP057782,MAQUEREAU,2019-04-01,FM500,BAT025,1032.4,0.0,B,3S,0.3993295,2942.34
BP057835,SARDINE,2019-04-01,FO001,BAT007,277.68,277.68,A,nan,15.38905,804.1196716
BP057835,SARDINE,2019-04-01,FO001,BAT007,7751.9,7298.89,B,nan,0.429611,22448.34137
BP057836,SARDINE,2019-04-01,FO001,BAT007,2990.4,2809.73,A,nan,0.2054693,8659.75041
BP057836,SARDINE,2019-04-01,FO001,BAT007,3486.13,3486.13,B,nan,0.2395307,10095.30998
BP057869,SARDINE,2019-04-02,FS500,BAT019,2556.97,2420.8,A,nan,0.0,8949.395
BP057871,SARDINE,2019-04-02,FO001,BAT007,7012.31,6620.71,A,nan,0.3885367,20306.59982
BP057871,SARDINE,2019-04-02,FO001,BAT007,742.26,747.6,B,nan,0.041127,2149.473853
BP057882,SARDINE,2019-04-02,FO001,BAT007,6648.3,6278.95,A,nan,0.3656356,19252.48
BP057882,SARDINE,2019-04-02,FO001,BAT007,4679.62,4419.74,B,nan,0.2573644,13551.4781
BP057869,DECHET ENTIER,2019-04-02,FS500,BAT019,445.0,427.2,nan,nan,0.0,1557.5
BP057871,DECHET ENTIER,2019-04-02,FO001,BAT007,276.79,284.8,nan,nan,15.33632,801.5423981
BP057903,SARDINE,2019-04-02,FO001,BAT029,1068.0,952.3,A,nan,0.08398867,3092.768035
BP057903,SARDINE,2019-04-02,FO001,BAT029,4145.62,4111.8,B,nan,0.326016,12005.0944
BP057903,DECHET ENTIER,2019-04-02,FO001,BAT029,445.0,445.0,nan,nan,0.03499528,1288.653293
BP057893,SARDINE,2019-04-03,FS500,BAT025,3790.51,3660.57,B,nan,1.791018,10234.37683
BP057893,MAQUEREAU,2019-04-03,FS500,BAT025,0.0,4593.29,A,3S,0.0,0.0
BP057893,MAQUEREAU,2019-04-03,FS500,BAT025,0.0,1008.37,A,4S,0.0,0.0
BP057893,SARDINE,2019-04-03,FS500,BAT025,5121.06,5971.9,A,nan,2.419703,15363.18
BP057893,MAQUEREAU,2019-04-03,FS500,BAT025,574.94,0.0,B,2S,0.2716594,1667.326022
BP057893,MAQUEREAU,2019-04-03,FS500,BAT025,30.26,0.0,B,M,14.29786,142.2219891
BP057893,MAQUEREAU,2019-04-03,FS500,BAT025,4610.2,0.0,B,3S,2.178322,11064.48087
BP057942,SARDINE,2019-04-03,FS500,BAT019,4998.24,5042.74,A,nan,0.0,17993.66365
BP057942,SARDINE,2019-04-03,FS500,BAT019,11555.76,11552.2,B,nan,0.0,41600.73461
BP057942,DECHET ENTIER,2019-04-03,FS500,BAT019,445.0,445.0,nan,nan,0.0,1602.0
BP057961,SARDINE,2019-04-03,FO001,BAT007,6734.63,6970.48,A,nan,0.4174185,19502.47961
BP057961,DECHET ENTIER,2019-04-03,FO001,BAT007,445.0,0.0,nan,nan,0.02758151,1288.653293
BP057975,SARDINE,2019-04-04,FO001,BAT029,5963.0,5786.78,B,nan,0.4002014,17267.95383
BP057975,DECHET ENTIER,2019-04-04,FO001,BAT029,667.5,647.92,nan,nan,0.04479866,1932.980049
BP057985,SARDINE,2019-04-04,FO001,BAT029,512.64,469.03,A,nan,0.03194417,1484.528691
BP057985,SARDINE,2019-04-04,FO001,BAT029,6050.22,5945.2,B,nan,0.3770078,17520.53131
BP057985,DECHET ENTIER,2019-04-04,FO001,BAT029,578.5,587.4,nan,nan,0.03604811,1675.249325
BP057936,SARDINE,2019-04-04,FS500,BAT025,2858.68,4117.14,B,nan,1.255422,7718.436348
BP057936,SARDINE,2019-04-04,FS500,BAT025,12340.74,11972.28,A,nan,5.419578,37022.22
BP057991,SARDINE,2019-04-04,FO001,BAT029,4663.6,4503.4,B,nan,0.4134398,13505.08685
BP057991,DECHET ENTIER,2019-04-04,FO001,BAT029,356.0,343.54,nan,nan,0.03156029,1030.922678
BP058038,SARDINE,2019-04-04,FO001,BAT007,6702.59,6566.42,A,nan,0.3486937,19409.69711
BP058038,SARDINE,2019-04-04,FO001,BAT007,1851.2,1812.93,B,nan,0.09630632,5360.797666
BP058041,SARDINE,2019-04-04,FO001,BAT007,4417.96,4403.72,A,nan,0.3603556,12793.75
BP058041,SARDINE,2019-04-04,FO001,BAT007,1037.74,1034.18,B,nan,0.08464438,3005.139539
BP058077,SARDINE,2019-04-05,FO001,BAT007,7597.04,7492.02,A,nan,0.4222454,21999.88914
BP058077,SARDINE,2019-04-05,FO001,BAT007,409.4,404.06,B,nan,0.02275456,1185.561047
BP058085,SARDINE,2019-04-05,FO001,BAT007,5975.46,5780.55,A,nan,0.4271237,17304.03707
BP058085,SARDINE,2019-04-05,FO001,BAT007,214.49,207.37,B,nan,15.33166,621.1309131
BP058085,MAQUEREAU,2019-04-05,FO001,BAT007,35.6,34.71,A,3S,2.544675,103.0922665
BP058127,SARDINE,2019-04-07,FS500,BAT025,2219.66,4755.27,B,nan,0.8745706,5993.082261
BP058127,SARDINE,2019-04-07,FS500,BAT025,14721.49,12229.49,A,nan,5.800429,44164.47
BP058165,SARDINE,2019-04-07,FO001,BAT029,8513.74,8406.05,A,nan,0.5152705,24654.51578
BP058165,SARDINE,2019-04-07,FO001,BAT029,1780.0,1757.75,B,nan,0.1077296,5154.613174
BP058189,SARDINE,2019-04-07,FO001,BAT007,3619.63,3616.07,A,nan,0.3682978,10481.90634
BP058189,SARDINE,2019-04-07,FO001,BAT007,753.83,752.94,B,nan,0.07670228,2182.978789
BP058193,SARDINE,2019-04-07,FS500,BAT019,2662.88,2652.2,A,nan,0.0,9320.08
BP058193,SARDINE,2019-04-07,FS500,BAT019,811.68,818.8,B,nan,0.0,2840.88
BP058277,SARDINE,2019-04-09,FS500,BAT019,3303.68,3346.4,A,nan,0.0,11562.88
BP058226,SARDINE,2019-04-09,FH500,BAT026,2370.96,4122.48,B,nan,0.9114404,7349.975479
BP058226,SARDINE,2019-04-09,FM500,BAT025,401.39,3173.74,B,nan,0.1543017,1224.239435
BP058226,MAQUEREAU,2019-04-09,FM500,BAT025,3944.48,3501.26,A,M,1.51633,23469.65461
BP058226,MAQUEREAU,2019-04-09,FM500,BAT025,0.0,500.18,A,S,0.0,0.0
BP058226,MAQUEREAU,2019-04-09,FM500,BAT025,0.0,599.86,A,2S,0.0,0.0
BP058226,MAQUEREAU,2019-04-09,FM500,BAT025,0.0,400.5,A,3S,0.0,0.0
BP058226,MAQUEREAU,2019-04-09,FS500,BAT025,0.0,342.65,A,3S,0.0,0.0
BP058226,MAQUEREAU,2019-04-09,FS500,BAT025,0.0,38.715,A,4S,0.0,0.0
BP058226,SARDINE,2019-04-09,FM555,BAT041,2524.04,1416.88,A,nan,0.9702871,8834.14
BP058226,MAQUEREAU,2019-04-09,FM555,BAT041,1509.44,1071.56,A,M,0.5802563,8905.696348
BP058226,MAQUEREAU,2019-04-09,FM555,BAT041,0.0,566.93,A,S,0.0,0.0
BP058226,MAQUEREAU,2019-04-09,FM555,BAT041,0.0,630.12,A,2S,0.0,0.0
BP058226,MAQUEREAU,2019-04-09,FM555,BAT041,0.0,881.99,A,3S,0.0,0.0
BP058226,SARDINE,2019-04-09,FH500,BAT026,1780.0,0.0,A,nan,0.6842645,5518.0
BP058226,SARDINE,2019-04-09,FM500,BAT025,2793.71,0.0,A,nan,1.073953,8520.815674
BP058226,MAQUEREAU,2019-04-09,FM555,BAT041,496.62,0.0,B,2S,0.1909098,2036.142043
BP058226,MAQUEREAU,2019-04-09,FM555,BAT041,156.64,0.0,B,3S,0.06021527,438.5919891
BP058226,MAQUEREAU,2019-04-09,FM555,BAT041,1009.26,0.0,B,M,0.387978,2926.854087
BP058226,MAQUEREAU,2019-04-09,FS500,BAT025,377.36,0.0,B,3S,0.1450641,905.6640326
BP058490,SARDINE,2019-04-15,FO001,BAT007,7431.5,7076.39,A,nan,0.4356096,21520.51115
BP058490,SARDINE,2019-04-15,FO001,BAT007,160.2,152.19,B,nan,9.390387,463.9152161
BP058495,MAQUEREAU,2019-04-15,FS500,BAT025,325.74,1950.88,B,2S,0.1233926,944.6460217
BP058495,MAQUEREAU,2019-04-15,FS500,BAT025,8027.8,7801.74,A,3S,3.040987,19266.72
BP058495,SARDINE,2019-04-15,FS500,BAT025,4421.52,2053.23,B,nan,1.674903,11938.10452
BP058495,MAQUEREAU,2019-04-15,FS500,BAT025,0.0,315.95,A,S,0.0,0.0
BP058495,MAQUEREAU,2019-04-15,FS500,BAT025,2843.55,884.66,A,2S,1.077157,8246.295
BP058495,MAQUEREAU,2019-04-15,FS500,BAT025,1335.0,1958.89,B,3S,0.5057074,3204.000217
BP058495,MAQUEREAU,2019-04-15,FS500,BAT025,667.5,0.0,B,M,0.2528537,3137.249783
BP058492,SARDINE,2019-04-15,FS500,BAT012,3032.23,3186.2,A,nan,0.0,10612.805
BP058509,SARDINE,2019-04-15,FO001,BAT024,3234.26,3020.66,A,nan,0.4450001,9365.932383
BP058575,SARDINE,2019-04-16,FO001,BAT024,9134.96,8966.75,A,nan,0.623,26453.47521
BP058654,SARDINE,2019-04-18,FO001,BAT024,4999.13,4953.74,A,nan,0.3597014,14476.73131
BP058654,SARDINE,2019-04-18,FO001,BAT024,642.58,637.24,B,nan,0.04623543,1860.815303
BP058654,DECHET ENTIER,2019-04-18,FO001,BAT024,542.9,537.56,nan,nan,0.03906317,1572.157079
BP058659,SARDINE,2019-04-18,FO001,BAT024,5941.64,5875.78,A,nan,0.504751,17206.09883
BP058659,SARDINE,2019-04-18,FO001,BAT024,849.06,840.16,B,nan,0.07212888,2458.750591
BP058659,DECHET ENTIER,2019-04-18,FO001,BAT024,542.9,536.67,nan,nan,0.04612014,1572.157079
BP058663,SARDINE,2019-04-18,FS500,BAT019,4539.0,4556.8,A,nan,0.0,15886.5
BP058669,SARDINE,2019-04-18,FO001,BAT007,6509.46,6474.75,A,nan,0.4107433,18850.42076
BP058669,DECHET ENTIER,2019-04-18,FO001,BAT007,542.9,540.23,nan,nan,0.03425669,1572.157079
BP058639,SARDINE,2019-04-18,FS500,BAT025,7338.05,7063.04,B,nan,2.747922,19812.735
BP058639,MAQUEREAU,2019-04-18,FS500,BAT025,154.86,58.74,B,2S,0.05799132,449.0940054
BP058639,MAQUEREAU,2019-04-18,FS500,BAT025,71.2,175.33,B,3S,0.02666267,170.88
BP058639,SARDINE,2019-04-18,FS500,BAT025,10260.81,10595.45,A,nan,3.842425,30782.43
BP058673,SARDINE,2019-04-18,FO001,BAT007,5919.39,5820.6,A,nan,0.4076153,17141.66596
BP058673,DECHET ENTIER,2019-04-18,FO001,BAT007,542.9,534.0,nan,nan,0.03738466,1572.157079
BP058732,SARDINE,2019-04-18,FS500,BAT019,3738.89,3773.6,A,nan,0.0,13086.115
BP058732,SARDINE,2019-04-18,FS500,BAT019,61.41,53.4,B,nan,0.0,214.935
BP058741,SARDINE,2019-04-18,FO001,BAT024,1974.91,1840.52,A,nan,0.2286658,5719.043525
BP058741,SARDINE,2019-04-18,FO001,BAT024,331.08,308.83,B,nan,0.03833424,958.7580408
BP058756,SARDINE,2019-04-19,FS500,BAT025,2523.15,3225.36,B,nan,0.9392776,6812.505
BP058756,SARDINE,2019-04-19,FS500,BAT025,14749.97,6173.04,A,nan,5.490881,44249.91
BP058756,MAQUEREAU,2019-04-19,FS500,BAT025,248.31,95.23,B,2S,0.09243684,720.0990326
BP058756,MAQUEREAU,2019-04-19,FS500,BAT025,409.4,511.75,B,3S,0.1524048,982.56
BP058756,MAQUEREAU,2019-04-19,FS500,BAT025,0.0,32.93,A,4S,0.0,0.0
BP058756,SARDINE,2019-04-19,FS500,BAT025,0.0,2168.04,B,nan,0.0,0.0
BP058756,SARDINE,2019-04-19,FS500,BAT025,0.0,4839.82,A,nan,0.0,0.0
BP058756,MAQUEREAU,2019-04-19,FS500,BAT025,0.0,177.11,A,3S,0.0,0.0
BP058747,SARDINE,2019-04-19,FS500,BAT025,4416.18,4375.24,B,nan,1.657476,11923.68635
BP058747,SARDINE,2019-04-19,FS500,BAT025,13368.69,13125.72,A,nan,5.017524,40106.07
BP057965,SARDINE,2019-04-03,FO001,BAT007,1831.62,1790.68,A,nan,0.1465296,5304.097104
BP057965,SARDINE,2019-04-03,FO001,BAT007,1505.88,1472.06,B,nan,0.1204704,4360.802705
BP057965,DECHET ENTIER,2019-04-03,FO001,BAT007,445.0,435.21,nan,nan,0.0356,1288.653293
BP057965,SARDINE,2019-04-04,FO001,BAT007,1780.0,1668.75,B,nan,0.1424,5154.613174
BP058877,SARDINE,2019-04-22,FS500,BAT025,2700.26,7454.64,B,nan,1.033263,7290.702261
BP058877,SARDINE,2019-04-22,FS500,BAT025,14241.78,9111.82,A,nan,5.449661,42725.34
BP058877,MAQUEREAU,2019-04-22,FS500,BAT025,409.4,567.82,B,3S,0.1566582,982.56
BP058877,MAQUEREAU,2019-04-22,FS500,BAT025,92.56,0.0,B,2S,0.03541837,268.4240054
BP058917,SARDINE,2019-04-22,FS500,BAT019,6554.85,6408.0,B,nan,0.0,22941.975
BP058917,DECHET ENTIER,2019-04-22,FS500,BAT019,2976.16,2972.6,nan,nan,0.0,5357.087739
BP058923,SARDINE,2019-04-22,FS500,BAT019,5607.89,5553.6,A,nan,0.0,19627.615
BP058923,SARDINE,2019-04-22,FS500,BAT019,4656.48,4610.2,B,nan,0.0,16297.68
BP058932,SARDINE,2019-04-22,FS500,BAT019,1638.49,1602.0,B,nan,0.0,5734.715
BP058927,SARDINE,2019-04-22,FS500,BAT019,8971.2,8989.0,B,nan,0.0,31399.2
BP058964,SARDINE,2019-04-23,FO001,BAT007,5187.81,4984.89,A,nan,0.2141069,15023.12004
BP058964,SARDINE,2019-04-23,FO001,BAT007,1281.6,1231.76,B,nan,0.05289311,3711.321729
BP058962,SARDINE,2019-04-23,FS500,BAT019,5088.13,5108.6,A,nan,0.0,17808.455
BP058962,SARDINE,2019-04-23,FS500,BAT019,3972.96,3987.2,B,nan,0.0,13905.36
BP058962,DECHET ENTIER,2019-04-23,FS500,BAT019,979.0,979.0,nan,nan,0.0,1762.2
BP058966,SARDINE,2019-04-23,FO001,BAT024,2828.42,2694.92,A,nan,0.2685549,8190.68043
BP058966,SARDINE,2019-04-23,FO001,BAT024,1858.32,1771.1,B,nan,0.1764451,5381.416289
BP058967,SARDINE,2019-04-23,FS500,BAT019,5157.55,5357.8,B,nan,0.0,18051.425
BP058976,SARDINE,2019-04-23,FS500,BAT019,7096.86,6870.8,A,nan,0.0,24839.01
BP058976,SARDINE,2019-04-23,FS500,BAT019,2285.52,2207.2,B,nan,0.0,7999.32
BP058957,SARDINE,2019-04-23,FS500,BAT019,5869.55,5731.6,A,nan,0.0,20543.425
BP058957,DECHET ENTIER,2019-04-23,FS500,BAT019,1246.0,1246.0,nan,nan,0.0,2242.8
BP059023,SARDINE,2019-04-24,FS500,BAT019,5967.45,6069.8,A,nan,0.0,20886.075
BP059023,SARDINE,2019-04-24,FS500,BAT019,64.08,71.2,B,nan,0.0,224.28
BP058978,SARDINE,2019-04-24,FS500,BAT019,6027.08,6479.2,B,nan,0.0,21094.78
BP058978,MAQUEREAU,2019-04-24,FS500,BAT019,35.6,35.6,A,3S,0.0,124.6
BP059061,SARDINE,2019-04-24,FO025,BAT011,10226.99,10202.96,B,nan,3.246664,30147.43934
BP059061,DECHET ENTIER,2019-04-24,FO025,BAT011,987.01,984.34,nan,nan,0.3133365,2909.53885
BP059080,SARDINE,2019-04-24,FO001,BAT007,1712.36,1917.95,A,nan,0.1920117,4958.737993
BP059080,SARDINE,2019-04-24,FO001,BAT007,1658.07,0.0,A,nan,0.185924,4801.522188
BP059080,SARDINE,2019-04-24,FO001,BAT007,598.08,338.2,B,nan,0.06706437,1731.950104
BP059088,SARDINE,2019-04-24,FS500,BAT019,8886.649,8259.2,B,nan,0.0,31103.275
BP059088,DECHET ENTIER,2019-04-24,FS500,BAT019,987.01,979.0,nan,nan,0.0,1776.617957
BP059192,SARDINE,2019-04-26,FO025,BAT011,5923.84,5528.68,B,nan,3.56,17462.47967
BP059130,SARDINE,2019-04-26,FS500,BAT025,13278.8,2166.26,B,nan,5.137794,35852.76
BP059130,SARDINE,2019-04-26,FS500,BAT025,3524.4,4206.14,A,nan,1.363651,10573.2
BP059130,SARDINE,2019-04-26,FS500,BAT025,0.0,3047.36,B,nan,0.0,0.0
BP059130,SARDINE,2019-04-26,FS500,BAT025,0.0,7110.21,A,nan,0.0,0.0
BP059130,MAQUEREAU,2019-04-26,FS500,BAT025,92.56,54.29,B,2S,0.03581304,268.4240054
BP059130,MAQUEREAU,2019-04-26,FS500,BAT025,0.0,449.45,A,3S,0.0,0.0
BP059130,MAQUEREAU,2019-04-26,FS500,BAT025,0.0,40.05,A,4S,0.0,0.0
BP059130,MAQUEREAU,2019-04-26,FS500,BAT025,356.0,0.0,B,3S,0.1377425,854.4000543
BP059284,SARDINE,2019-04-28,FO001,BAT007,18213.85,17831.15,A,nan,1.186622,52744.58105
BP059284,SARDINE,2019-04-28,FO001,BAT007,2277.51,2229.45,B,nan,0.1483784,6595.327617
BP059309,SARDINE,2019-04-28,FS500,BAT019,4749.04,4272.0,A,nan,0.0,16621.64
BP059320,SARDINE,2019-04-28,FS500,BAT019,1495.2,1459.6,A,nan,0.0,5233.2
BP059320,SARDINE,2019-04-28,FS500,BAT019,8444.32,8223.6,B,nan,0.0,29555.12
BP059325,SARDINE,2019-04-28,FS500,BAT019,4502.51,5678.2,B,nan,0.0,15758.785
BP059330,SARDINE,2019-04-28,FS500,BAT019,2821.3,2812.4,A,nan,0.0,9874.55
BP059330,SARDINE,2019-04-28,FS500,BAT019,394.27,391.6,B,nan,0.0,1379.945
BP059328,SARDINE,2019-04-29,FS500,BAT019,11072.49,11053.8,B,nan,0.0,38753.715
BP059338,SARDINE,2019-04-29,FO001,BAT024,6073.36,5918.5,B,nan,0.4450001,17587.54031
BP059334,SARDINE,2019-04-29,FO001,BAT024,6642.07,6314.55,B,nan,0.445,19234.44012
BP059346,SARDINE,2019-04-29,FO001,BAT024,7769.7,7346.95,B,nan,0.445,22499.88662
BP059397,SARDINE,2019-04-29,FO001,BAT024,4964.42,4830.92,A,nan,0.3824669,14376.21693
BP059397,SARDINE,2019-04-29,FO001,BAT024,811.68,789.43,B,nan,0.06253313,2350.503689
BP059401,SARDINE,2019-04-29,FO001,BAT024,3331.27,3253.84,A,nan,0.2629258,9646.858623
BP059401,SARDINE,2019-04-29,FO001,BAT024,2306.88,2253.48,B,nan,0.1820742,6680.378677
BP059422,SARDINE,2019-04-29,FO001,BAT007,5126.4,4734.8,A,nan,0.3846339,14845.28691
BP059422,SARDINE,2019-04-29,FO001,BAT007,9996.479,9232.859,B,nan,0.7500361,28948.30861
BP059422,SARDINE,2019-04-30,FO001,BAT007,801.0,739.59,A,nan,0.06009905,2319.575972
BP059422,DECHET ENTIER,2019-04-30,FO001,BAT007,534.0,493.95,nan,nan,0.04006603,1546.384017
BP059422,DECHET ENTIER,2019-04-29,FO001,BAT007,1335.0,1232.65,nan,nan,0.1001651,3865.960098
BP059463,SARDINE,2019-04-30,FO001,BAT024,2937.0,2856.9,A,nan,0.445,8505.112041
BP059465,SARDINE,2019-04-30,FO001,BAT007,7654.0,7540.97,A,nan,0.5887693,22164.83813
BP059465,DECHET ENTIER,2019-04-30,FO001,BAT007,445.0,438.77,nan,nan,0.03423077,1288.653293
BP059421,SARDINE,2019-04-30,FS500,BAT019,10801.04,10733.4,A,nan,2.861051,36723.53809
BP059421,SARDINE,2019-04-30,FS500,BAT019,13330.42,13225.4,B,nan,3.53105,45323.43078
BP059421,DECHET ENTIER,2019-04-30,FS500,BAT019,1068.0,1068.0,nan,nan,0.2828989,1922.4
BP059523,SARDINE,2019-05-01,FO025,BAT011,8544.0,8216.479,B,nan,3.273563,25204.8
BP059523,DECHET ENTIER,2019-05-01,FO025,BAT011,747.6,719.12,nan,nan,0.2864368,2205.42
BP059566,SARDINE,2019-05-02,FO001,BAT007,8957.85,8846.6,A,nan,0.5741686,25940.59186
BP059566,SARDINE,2019-05-02,FO001,BAT007,316.84,313.28,B,nan,0.0203084,917.5211206
BP059566,DECHET ENTIER,2019-05-02,FO001,BAT007,445.0,438.77,nan,nan,0.02852303,1288.653293
BP059594,SARDINE,2019-05-02,FS500,BAT019,2804.39,2776.8,A,nan,0.0,9815.365
BP059594,SARDINE,2019-05-02,FS500,BAT019,2093.28,2082.6,B,nan,0.0,7326.48
BP059586,SARDINE,2019-05-02,FS500,BAT019,1521.9,1584.2,A,nan,0.0,5326.65
BP059586,SARDINE,2019-05-02,FS500,BAT019,1685.66,1762.2,B,nan,0.0,5899.81
BP059636,SARDINE,2019-05-03,FO001,BAT007,9953.76,9756.18,A,nan,0.6001406,28824.59688
BP059636,SARDINE,2019-05-03,FO001,BAT007,379.14,372.02,B,nan,0.02285943,1097.93266
BP052702,SARDINE,2019-01-06,FS500,BAT025,0.0,1071.56,B,nan,0.0,0.0
BP060076,SARDINE,2019-05-14,FS500,BAT019,5993.26,5980.8,A,nan,0.0,20976.41
BP060076,SARDINE,2019-05-14,FS500,BAT019,1833.4,1833.4,B,nan,0.0,6416.9
BP060080,SARDINE,2019-05-14,FS500,BAT019,4682.29,4699.2,A,nan,0.0,16388.015
BP060080,SARDINE,2019-05-14,FS500,BAT019,1474.73,1477.4,B,nan,0.0,5161.555
BP060245,SARDINE,2019-05-17,FS500,BAT019,0.0,19779.36,A,nan,0.0,0.0
BP060245,MAQUEREAU,2019-05-17,FS500,BAT019,186.01,529.2207,A,M,0.0,1015.354197
BP060245,SARDINE,2019-05-17,FS500,BAT019,17331.86,0.0,B,nan,0.0,70343.08297
BP060245,MAQUEREAU,2019-05-17,FS500,BAT019,217.16,0.0,B,2S,0.0,1185.391782
BP060245,MAQUEREAU,2019-05-17,FS500,BAT019,142.4,0.0,B,3S,0.0,777.3046191
BP060293,SARDINE,2019-05-17,FS500,BAT019,3152.38,3132.8,A,nan,0.0,11033.33
BP060293,SARDINE,2019-05-17,FS500,BAT019,1090.25,1085.8,B,nan,0.0,3815.875
BP060293,DECHET ENTIER,2019-05-17,FS500,BAT019,1922.4,1922.4,nan,nan,0.0,3460.32
BP060297,SARDINE,2019-05-17,FS500,BAT019,2160.92,2153.8,B,nan,0.0,7563.22
BP060297,DECHET ENTIER,2019-05-17,FS500,BAT019,430.76,427.2,nan,nan,0.0,775.3679565
BP057399,SARDINE,2019-03-27,FS500,BAT025,0.0,8063.4,A,nan,0.0,0.0
BP056085,SARDINE,2019-03-02,FS500,BAT025,0.0,1628.7,B,nan,0.0,0.0
BP060769,SARDINE,2019-05-26,FS500,BAT025,17941.51,5781.44,B,nan,6.675,48442.0777
BP060769,SARDINE,2019-05-26,FS500,BAT025,0.0,12285.56,A,nan,0.0,0.0
BP060837,SARDINE,2019-05-26,FS500,BAT019,6322.56,19512.36,A,nan,0.0,25660.80506
BP060837,SARDINE,2019-05-26,FS500,BAT019,11748.0,0.0,B,nan,0.0,47680.66879
BP060932,SARDINE,2019-05-28,FS500,BAT025,13734.48,6408.89,B,nan,5.383256,37083.09809
BP060932,SARDINE,2019-05-28,FS500,BAT025,555.36,5459.26,A,nan,0.2176744,1666.08
BP060932,MAQUEREAU,2019-05-28,FS500,BAT025,1920.62,1668.75,B,3S,0.7527907,4609.488174
BP060932,MAQUEREAU,2019-05-28,FS500,BAT025,0.0,294.59,A,4S,0.0,0.0
BP060932,MAQUEREAU,2019-05-28,FS500,BAT025,231.4,0.0,B,2S,0.09069768,671.06
BP060932,DECHET ENTIER,2019-05-28,FS500,BAT025,588.29,0.0,nan,nan,0.2305814,1117.751022
BP061139,SARDINE,2019-05-30,FM555,BAT041,0.0,0.0,B,nan,0.0,0.0
BP061139,SARDINE,2019-05-30,FM555,BAT041,16455.21,15837.8,B,nan,6.129027,49365.63
BP061139,MAQUEREAU,2019-05-30,FM555,BAT041,0.0,142.4,A,S,0.0,0.0
BP061139,MAQUEREAU,2019-05-30,FM555,BAT041,108.58,311.5,B,2S,0.0404425,445.1779837
BP061139,MAQUEREAU,2019-05-30,FM555,BAT041,801.0,766.29,B,3S,0.2983462,2242.8
BP061139,MAQUEREAU,2019-05-30,FM555,BAT041,0.0,78.3734,A,4S,0.0,0.0
BP061139,MAQUEREAU,2019-05-30,FM555,BAT041,62.3,0.0,A,M,0.02320471,367.57
BP061139,DECHET ENTIER,2019-05-30,FM555,BAT041,493.95,0.0,nan,nan,0.1839802,889.11
BP061191,SARDINE,2019-06-01,FS500,BAT019,0.0,9053.97,A,nan,0.0,0.0
BP061191,SARDINE,2019-06-01,FS500,BAT019,8074.08,0.0,B,nan,0.0,32769.4593
BP061191,MAQUEREAU,2019-06-01,FS500,BAT019,15.13,0.0,B,M,0.0,82.58862122
BP061191,MAQUEREAU,2019-06-01,FS500,BAT019,31.15,0.0,B,2S,0.0,170.0353854
BP061191,MAQUEREAU,2019-06-01,FS500,BAT019,249.2,0.0,B,3S,0.0,1360.283083
BP061288,SARDINE,2019-06-03,FS500,BAT019,0.0,19384.2,A,nan,0.0,0.0
BP061288,SARDINE,2019-06-03,FS500,BAT019,19426.92,0.0,B,nan,0.0,78158.38852
BP061360,SARDINE,2019-06-06,FS500,BAT019,0.0,12418.5,A,nan,0.0,0.0
BP061360,MAQUEREAU,2019-06-06,FS500,BAT019,0.0,574.05,A,M,0.0,0.0
BP061360,MAQUEREAU,2019-06-06,FS500,BAT019,0.0,1893.92,A,S,0.0,0.0
BP061360,MAQUEREAU,2019-06-06,FS500,BAT019,0.0,2985.06,A,2S,0.0,0.0
BP061360,MAQUEREAU,2019-06-06,FS500,BAT019,0.0,460.13,A,3S,0.0,0.0
BP061360,MAQUEREAU,2019-06-06,FS500,BAT019,341.76,0.0,B,M,0.0,1696.223318
BP061360,MAQUEREAU,2019-06-06,FS500,BAT019,1647.39,0.0,B,2S,0.0,8176.326572
BP061360,MAQUEREAU,2019-06-06,FS500,BAT019,2420.8,0.0,B,3S,0.0,12014.91482
BP061360,SARDINE,2019-06-06,FS500,BAT019,11192.64,0.0,B,nan,0.0,45030.22793
BP058495,SARDINE,2019-04-15,FS500,BAT025,0.0,2411.01,A,nan,0.0,0.0
BP061579,SARDINE,2019-06-12,FS500,BAT019,5587.42,5589.2,A,nan,0.0,19555.97
BP061579,SARDINE,2019-06-12,FS500,BAT019,4540.78,4539.0,B,nan,0.0,15892.73
BP061593,SARDINE,2019-06-12,FS500,BAT019,5642.6,5624.8,A,nan,0.0,19749.1
BP061593,SARDINE,2019-06-12,FS500,BAT019,1539.7,1548.6,B,nan,0.0,5388.95
BP061600,SARDINE,2019-06-13,FS500,BAT019,6089.38,6087.6,A,nan,0.0,21312.83
BP061600,SARDINE,2019-06-13,FS500,BAT019,1602.0,1602.0,B,nan,0.0,5607.0
BP061625,SARDINE,2019-06-13,FS500,BAT019,6240.68,6283.4,A,nan,0.0,21842.38
BP061625,SARDINE,2019-06-13,FS500,BAT019,2990.4,3008.2,B,nan,0.0,10466.4
BP061650,SARDINE,2019-06-13,FS500,BAT019,26067.21,25365.0,A,nan,0.0,109482.2792
BP061650,SARDINE,2019-06-13,FS500,BAT019,640.8,623.0,B,nan,0.0,2691.359783
BP061687,SARDINE,2019-06-14,FS500,BAT019,9434.0,9487.399,B,nan,0.0,33019.0
BP061689,SARDINE,2019-06-14,FS500,BAT019,9695.66,9345.0,B,nan,0.0,33934.81
BP061694,SARDINE,2019-06-14,FO001,BAT011,7266.85,7142.25,B,nan,0.445,21043.70756
BP061703,SARDINE,2019-06-14,FO001,BAT011,4385.92,4378.8,B,nan,0.2409846,12700.96576
BP061703,SARDINE,2019-06-15,FO001,BAT011,3713.08,3706.85,B,nan,0.2040154,10752.52283
